Workbook

Sheet ARPU
U2: Level | V2: ARPU AND | W2: ARPU IOS
U3: 1 | V3: =And!O3 -> 0.0034522786 | W3: =IOS!O3 -> 0.0076932668
U4: 2 | V4: =And!O4 -> 0.0017543094 | W4: =IOS!O4 -> 0.0029615385
U5: 3 | V5: =And!O5 -> 0.0017368305 | W5: =IOS!O5 -> 0.0030183727
U6: 4 | V6: =And!O6 -> 0.00050922837 | W6: =IOS!O6 -> 0
U7: 5 | V7: =And!O7 -> 0.00089394281 | W7: =IOS!O7 -> 0
U8: 6 | V8: =And!O8 -> 0.00090268304 | W8: =IOS!O8 -> 0.0030446549
U9: 7 | V9: =And!O9 -> 0.0013695802 | W9: =IOS!O9 -> 0.0027448276
U10: 8 | V10: =And!O10 -> 0.00046128883 | W10: =IOS!O10 -> 0
U11: 9 | V11: =And!O11 -> 0.00045560748 | W11: =IOS!O11 -> 0
U12: 10 | V12: =And!O12 -> 0.0043650794 | W12: =IOS!O12 -> 0
U13: 11 | V13: =And!O13 -> 0.0035943152 | W13: =IOS!O13 -> 0.014814815
U14: 12 | V14: =And!O14 -> 0.0055706892 | W14: =IOS!O14 -> 0
... U252: 250 | V252: =And!O252 -> 0.085315315 | W252: =IOS!O252 -> 0
U1001: 999
U1002: 1000
U1003: 1001
U1004: 1002
U1005: 1003
U1006: 1004
U1007: 1005
U1008: 1006
U1009: 1007
U1010: 1008
U1011: 1009
U1012: 1010
... U1215: 1213

Sheet Av.Rw
U2: Level | V2: AND_Avg Rwr | W2: IOS_Avg Rwr
U3: 1 | V3: =And!T3 -> 0.00064488392 | W3: =IOS!T3 -> 0
U4: 2 | V4: =And!T4 -> 0.00021819769 | W4: =IOS!T4 -> 0
U5: 3 | V5: =And!T5 -> 0.00066122989 | W5: =IOS!T5 -> 0
U6: 4 | V6: =And!T6 -> 0.00066711141 | W6: =IOS!T6 -> 0
U7: 5 | V7: =And!T7 -> 0.0011258726 | W7: =IOS!T7 -> 0.001345895
U8: 6 | V8: =And!T8 -> 0.0015916326 | W8: =IOS!T8 -> 0
U9: 7 | V9: =And!T9 -> 0.00068823125 | W9: =IOS!T9 -> 0
U10: 8 | V10: =And!T10 -> 0 | W10: =IOS!T10 -> 0.001396648
U11: 9 | V11: =And!T11 -> 0.0060747664 | W11: =IOS!T11 -> 0.0042432815
U12: 10 | V12: =And!T12 -> 0.0019240019 | W12: =IOS!T12 -> 0.0071736011
U13: 11 | V13: =And!T13 -> 0.19638243 | W13: =IOS!T13 -> 0.13734568
U14: 12 | V14: =And!T14 -> 0.13048216 | W14: =IOS!T14 -> 0.12280702
... U252: 250 | V252: =And!T252 -> 0.72972973 | W252: =IOS!T252 -> 0.84090909
U1001: 999
U1002: 1000
U1003: 1001
U1004: 1002
U1005: 1003
U1006: 1004
U1007: 1005
U1008: 1006
U1009: 1007
U1010: 1008
U1011: 1009
U1012: 1010
... U1215: 1213

Sheet And
A1: Segment | B1: Start | C1: Complete | D1: Fail | E1: Try again | L1: Complete | M1: LevelType | N1: =SUM(N3:N302) -> 5013.68 | O1: =(N1/C3)/300 -> 0.0035924907 | Q1: =AVERAGE(Q3:Q202) -> 0.26418814 | R1: =AVERAGE(R3:R202) -> 6.412887 | S1: =AVERAGE(S3:S402) -> 8.6987885 | T1: =AVERAGE(T13:T202) -> 0.49682256 | U1: =AVERAGE(U3:U402) -> 2208.581 | V1: =AVERAGE(V3:V402) -> 1.4573801e+08
A2: Level | B2: Active users | C2: Active users | D2: Active users | E2: Active users | F2: Complete rate | G2: Fail Rate | H2: Drop 1 | I2: Uncomplete | J2: Drop 2 | K2: % | L2: avarage_attempt | M2: LevelType | N2: Total $ | O2: ARPU | P2: %_used_booster | Q2: avg_used_booster | R2: avg_owned_booster | S2: Avg. Thinking Time | T2: Avg.Rewarded | U2: Avg,Coin | V2: coin owned
A3: 1 | B3: 4820 | C3: 4652 | D3: 155 | E3: 190 | F3: =(C3*100)/B3 -> 96.514523 | G3: =(D3*100)/B3 -> 3.2157676 | H3: =((B3-B4)/B3)*100 -> 3.5684647 | I3: =((B3-C3)/B3)*100 -> 3.4854772 | J3: =((C3-B4)/C3)*100 -> 0.085984523 | K3: =100-(((C3-C4)/C3)*100) -> 98.516767 | L3: 1.0083476 | M3: Normal | N3: 16.06 | O3: =N3/C3 -> 0.0034522786 | P3: =(Boosters_And!B3*100)/Boosters_And!N3 -> #DIV/0! | Q3: =Boosters_And!B3/(C3+D3) -> 0 | R3: =Boosters_And!N3/B3 -> 0 | S3: 0.2223887 | T3: 0.00064488392 | U3: 369.13156 | V3: 838400
A4: 2 | B4: 4648 | C4: 4583 | D4: 49 | E4: 70 | F4: =(C4*100)/B4 -> 98.601549 | G4: =(D4*100)/B4 -> 1.0542169 | H4: =((B4-B5)/B4)*100 -> 1.3123924 | I4: =((B4-C4)/B4)*100 -> 1.3984509 | J4: =((C4-B5)/C4)*100 -> -0.087279075 | K4: =100-(((C3-C5)/C3)*100) -> 97.527945 | L4: 1.002173 | M4: Normal | N4: 8.04 | O4: =N4/C4 -> 0.0017543094 | P4: =(Boosters_And!B4*100)/Boosters_And!N4 -> #DIV/0! | Q4: =Boosters_And!B4/(C4+D4) -> 0 | R4: =Boosters_And!N4/B4 -> 0 | S4: 0.017383746 | T4: 0.00021819769 | U4: 412.12721 | V4: 877950
A5: 3 | B5: 4587 | C5: 4537 | D5: 52 | E5: 81 | F5: =(C5*100)/B5 -> 98.909963 | G5: =(D5*100)/B5 -> 1.1336385 | H5: =((B5-B6)/B5)*100 -> 0.76302594 | I5: =((B5-C5)/B5)*100 -> 1.0900371 | J5: =((C5-B6)/C5)*100 -> -0.33061494 | K5: =100-(((C3-C6)/C3)*100) -> 96.6681 | L5: 1.0019754 | M5: Normal | N5: 7.88 | O5: =N5/C5 -> 0.0017368305 | P5: =(Boosters_And!B5*100)/Boosters_And!N5 -> #DIV/0! | Q5: =Boosters_And!B5/(C5+D5) -> 0 | R5: =Boosters_And!N5/B5 -> 0 | S5: 6.072432 | T5: 0.00066122989 | U5: 454.85078 | V5: 917710
A6: 4 | B6: 4552 | C6: 4497 | D6: 87 | E6: 110 | F6: =(C6*100)/B6 -> 98.79174 | G6: =(D6*100)/B6 -> 1.9112478 | H6: =((B6-B7)/B6)*100 -> 0.79086116 | I6: =((B6-C6)/B6)*100 -> 1.2082601 | J6: =((C6-B7)/C6)*100 -> -0.42250389 | K6: =100-(((C3-C7)/C3)*100) -> 95.464316 | L6: 1.0033208 | M6: Normal | N6: 2.29 | O6: =N6/C6 -> 0.00050922837 | P6: =(Boosters_And!B6*100)/Boosters_And!N6 -> #DIV/0! | Q6: =Boosters_And!B6/(C6+D6) -> 0 | R6: =Boosters_And!N6/B6 -> 0 | S6: 5.5415099 | T6: 0.00066711141 | U6: 498.90749 | V6: 970730
A7: 5 | B7: 4516 | C7: 4441 | D7: 118 | E7: 152 | F7: =(C7*100)/B7 -> 98.339238 | G7: =(D7*100)/B7 -> 2.6129318 | H7: =((B7-B8)/B7)*100 -> 1.085031 | I7: =((B7-C7)/B7)*100 -> 1.6607617 | J7: =((C7-B8)/C7)*100 -> -0.58545373 | K7: =100-(((C3-C8)/C3)*100) -> 94.539983 | L7: 1.003585 | M7: Normal | N7: 3.97 | O7: =N7/C7 -> 0.00089394281 | P7: =(Boosters_And!B7*100)/Boosters_And!N7 -> #DIV/0! | Q7: =Boosters_And!B7/(C7+D7) -> 0 | R7: =Boosters_And!N7/B7 -> 0 | S7: 5.329823 | T7: 0.0011258726 | U7: 572.3524 | V7: 1011470
A8: 6 | B8: 4467 | C8: 4398 | D8: 156 | E8: 193 | F8: =(C8*100)/B8 -> 98.455339 | G8: =(D8*100)/B8 -> 3.4922767 | H8: =((B8-B9)/B8)*100 -> 1.2760242 | I8: =((B8-C8)/B8)*100 -> 1.5446608 | J8: =((C8-B9)/C8)*100 -> -0.2728513 | K8: =100-(((C3-C9)/C3)*100) -> 93.701634 | L8: 1.0070167 | M8: Normal | N8: 3.97 | O8: =N8/C8 -> 0.00090268304 | P8: =(Boosters_And!B8*100)/Boosters_And!N8 -> #DIV/0! | Q8: =Boosters_And!B8/(C8+D8) -> 0 | R8: =Boosters_And!N8/B8 -> 0 | S8: 5.4916252 | T8: 0.0015916326 | U8: 593.93292 | V8: 1037160
A9: 7 | B9: 4410 | C9: 4359 | D9: 115 | E9: 162 | F9: =(C9*100)/B9 -> 98.843537 | G9: =(D9*100)/B9 -> 2.6077098 | H9: =((B9-B10)/B9)*100 -> 0.88435374 | I9: =((B9-C9)/B9)*100 -> 1.1564626 | J9: =((C9-B10)/C9)*100 -> -0.2752925 | K9: =100-(((C3-C10)/C3)*100) -> 92.734308 | L9: 1.0022852 | M9: Normal | N9: 5.97 | O9: =N9/C9 -> 0.0013695802 | P9: =(Boosters_And!B9*100)/Boosters_And!N9 -> #DIV/0! | Q9: =Boosters_And!B9/(C9+D9) -> 0 | R9: =Boosters_And!N9/B9 -> 0 | S9: 6.523766 | T9: 0.00068823125 | U9: 615.1404 | V9: 1061800
A10: 8 | B10: 4371 | C10: 4314 | D10: 76 | E10: 112 | F10: =(C10*100)/B10 -> 98.695951 | G10: =(D10*100)/B10 -> 1.7387326 | H10: =((B10-B11)/B10)*100 -> 0.4575612 | I10: =((B10-C10)/B10)*100 -> 1.3040494 | J10: =((C10-B11)/C10)*100 -> -0.85767269 | K10: =100-(((C3-C11)/C3)*100) -> 92.003439 | L10: 1.0016174 | M10: Normal | N10: 1.99 | O10: =N10/C10 -> 0.00046128883 | P10: =(Boosters_And!B10*100)/Boosters_And!N10 -> 95.928704 | Q10: =Boosters_And!B10/(C10+D10) -> 0.97588392 | R10: =Boosters_And!N10/B10 -> 1.0217233 | S10: 5.5894177 | T10: 0 | U10: 636.29972 | V10: 1101080
A11: 9 | B11: 4351 | C11: 4280 | D11: 227 | E11: 276 | F11: =(C11*100)/B11 -> 98.368191 | G11: =(D11*100)/B11 -> 5.2171915 | H11: =((B11-B12)/B11)*100 -> 3.7692484 | I11: =((B11-C11)/B11)*100 -> 1.6318088 | J11: =((C11-B12)/C11)*100 -> 2.1728972 | K11: =100-(((C3-C12)/C3)*100) -> 89.380911 | L11: 1.0221497 | M11: Normal | N11: 1.95 | O11: =N11/C11 -> 0.00045560748 | P11: =(Boosters_And!B11*100)/Boosters_And!N11 -> 2.2220919 | Q11: =Boosters_And!B11/(C11+D11) -> 0.021859683 | R11: =Boosters_And!N11/B11 -> 1.0190144 | S11: 6.7307065 | T11: 0.0060747664 | U11: 655.48294 | V11: 1137970
A12: 10 | B12: 4187 | C12: 4158 | D12: 85 | E12: 82 | F12: =(C12*100)/B12 -> 99.30738 | G12: =(D12*100)/B12 -> 2.0300931 | H12: =((B12-B13)/B12)*100 -> 2.9615476 | I12: =((B12-C12)/B12)*100 -> 0.69262001 | J12: =((C12-B13)/C12)*100 -> 2.2847523 | K12: =100-(((C3-C13)/C3)*100) -> 83.190026 | L12: 1.0131989 | M12: Normal | N12: 18.15 | O12: =N12/C12 -> 0.0043650794 | P12: =(Boosters_And!B12*100)/Boosters_And!N12 -> 1.4098808 | Q12: =Boosters_And!B12/(C12+D12) -> 0.013669573 | R12: =Boosters_And!N12/B12 -> 0.98252281 | S12: 3.675546 | T12: 0.0019240019 | U12: 681.34848 | V12: 1143160
A13: 11 | B13: 4063 | C13: 3870 | D13: 1199 | E13: 725 | F13: =(C13*100)/B13 -> 95.249815 | G13: =(D13*100)/B13 -> 29.510214 | H13: =((B13-B14)/B13)*100 -> 9.0081221 | I13: =((B13-C13)/B13)*100 -> 4.7501846 | J13: =((C13-B14)/C13)*100 -> 4.4702842 | K13: =100-(((C3-C14)/C3)*100) -> 78.912296 | L13: 1.1562904 | M13: Normal | N13: 13.91 | O13: =N13/C13 -> 0.0035943152 | P13: =(Boosters_And!B13*100)/Boosters_And!N13 -> 5.8276945 | Q13: =Boosters_And!B13/(C13+D13) -> 0.059037104 | R13: =Boosters_And!N13/B13 -> 1.2638739 | S13: 4.1601653 | T13: 0.19638243 | U13: 1014.5109 | V13: 1724540
A14: 12 | B14: 3697 | C14: 3671 | D14: 27 | E14: 30 | F14: =(C14*100)/B14 -> 99.296727 | G14: =(D14*100)/B14 -> 0.73032188 | H14: =((B14-B15)/B14)*100 -> 2.9753854 | I14: =((B14-C14)/B14)*100 -> 0.70327292 | J14: =((C14-B15)/C14)*100 -> 2.2882048 | K14: =100-(((C3-C15)/C3)*100) -> 76.956148 | L14: 1.0013613 | M14: Normal | N14: 20.45 | O14: =N14/C14 -> 0.0055706892 | P14: =(Boosters_And!B14*100)/Boosters_And!N14 -> 53.302475 | Q14: =Boosters_And!B14/(C14+D14) -> 1.012204 | R14: =Boosters_And!N14/B14 -> 1.8994949 | S14: 0.0087122243 | T14: 0.13048216 | U14: 1166.6156 | V14: 1800950
A15: 13 | B15: 3587 | C15: 3580 | D15: 8 | E15: 16 | F15: =(C15*100)/B15 -> 99.804851 | G15: =(D15*100)/B15 -> 0.2230276 | H15: =((B15-B16)/B15)*100 -> 0.91998885 | I15: =((B15-C15)/B15)*100 -> 0.19514915 | J15: =((C15-B16)/C15)*100 -> 0.72625698 | K15: =100-(((C3-C16)/C3)*100) -> 74.419604 | L15: 1.0013966 | M15: Normal | N15: 15.96 | O15: =N15/C15 -> 0.0044581006 | P15: =(Boosters_And!B15*100)/Boosters_And!N15 -> 0.60470043 | Q15: =Boosters_And!B15/(C15+D15) -> 0.011426979 | R15: =Boosters_And!N15/B15 -> 1.8902193 | S15: 8.5924581 | T15: 0.13575419 | U15: 1244.1969 | V15: 1861170
A16: 14 | B16: 3554 | C16: 3462 | D16: 1255 | E16: 713 | F16: =(C16*100)/B16 -> 97.411367 | G16: =(D16*100)/B16 -> 35.312324 | H16: =((B16-B17)/B16)*100 -> 4.07991 | I16: =((B16-C16)/B16)*100 -> 2.5886325 | J16: =((C16-B17)/C16)*100 -> 1.530907 | K16: =100-(((C3-C17)/C3)*100) -> 72.979364 | L16: 1.2229281 | M16: Hard | N16: 11.97 | O16: =N16/C16 -> 0.003457539 | P16: =(Boosters_And!B16*100)/Boosters_And!N16 -> 2.2466745 | Q16: =Boosters_And!B16/(C16+D16) -> 0.047219978 | R16: =Boosters_And!N16/B16 -> 2.7895494 | S16: 3.1131967 | T16: 0.15569035 | U16: 1154.1667 | V16: 1713930
A17: 15 | B17: 3409 | C17: 3395 | D17: 124 | E17: 90 | F17: =(C17*100)/B17 -> 99.589322 | G17: =(D17*100)/B17 -> 3.6374303 | H17: =((B17-B18)/B17)*100 -> 1.7013787 | I17: =((B17-C17)/B17)*100 -> 0.41067762 | J17: =((C17-B18)/C17)*100 -> 1.2960236 | K17: =100-(((C3-C18)/C3)*100) -> 71.195185 | L17: 1.0197349 | M17: Normal | N17: 17.47 | O17: =N17/C17 -> 0.0051458027 | P17: =(Boosters_And!B17*100)/Boosters_And!N17 -> 1.2886792 | Q17: =Boosters_And!B17/(C17+D17) -> 0.023771522 | R17: =Boosters_And!N17/B17 -> 1.9041643 | S17: 3.9661267 | T17: 0.13608247 | U17: 1191.0884 | V17: 1745140
A18: 16 | B18: 3351 | C18: 3312 | D18: 227 | E18: 191 | F18: =(C18*100)/B18 -> 98.836168 | G18: =(D18*100)/B18 -> 6.7740973 | H18: =((B18-B19)/B18)*100 -> 2.8648165 | I18: =((B18-C18)/B18)*100 -> 1.1638317 | J18: =((C18-B19)/C18)*100 -> 1.7210145 | K18: =100-(((C3-C19)/C3)*100) -> 69.561479 | L18: 1.0138889 | M18: Normal | N18: 3.98 | O18: =N18/C18 -> 0.0012016908 | P18: =(Boosters_And!B18*100)/Boosters_And!N18 -> 32.885496 | Q18: =Boosters_And!B18/(C18+D18) -> 0.9624788 | R18: =Boosters_And!N18/B18 -> 3.0909566 | S18: 0.28562802 | T18: 0.13586957 | U18: 1290.4272 | V18: 1798900
A19: 17 | B19: 3255 | C19: 3236 | D19: 147 | E19: 99 | F19: =(C19*100)/B19 -> 99.416283 | G19: =(D19*100)/B19 -> 4.516129 | H19: =((B19-B20)/B19)*100 -> 1.3517665 | I19: =((B19-C19)/B19)*100 -> 0.58371736 | J19: =((C19-B20)/C19)*100 -> 0.77255871 | K19: =100-(((C3-C20)/C3)*100) -> 68.873603 | L19: 1.026267 | M19: Normal | N19: 24.97 | O19: =N19/C19 -> 0.0077163164 | P19: =(Boosters_And!B19*100)/Boosters_And!N19 -> 0.77824518 | Q19: =Boosters_And!B19/(C19+D19) -> 0.022285307 | R19: =Boosters_And!N19/B19 -> 2.9761388 | S19: 5.592707 | T19: 0.13195303 | U19: 1360.1032 | V19: 1811970
A20: 18 | B20: 3211 | C20: 3204 | D20: 17 | E20: 19 | F20: =(C20*100)/B20 -> 99.781999 | G20: =(D20*100)/B20 -> 0.52943008 | H20: =((B20-B21)/B20)*100 -> 1.4948614 | I20: =((B20-C20)/B20)*100 -> 0.21800062 | J20: =((C20-B21)/C20)*100 -> 1.2796504 | K20: =100-(((C3-C21)/C3)*100) -> 67.734308 | L20: 1.0012484 | M20: Normal | N20: 16.91 | O20: =N20/C20 -> 0.0052777778 | P20: =(Boosters_And!B20*100)/Boosters_And!N20 -> 0.2831212 | Q20: =Boosters_And!B20/(C20+D20) -> 0.0080720273 | R20: =Boosters_And!N20/B20 -> 2.8599646 | S20: 4.301186 | T20: 0.1298377 | U20: 1395.716 | V20: 1825480
A21: 19 | B21: 3163 | C21: 3151 | D21: 27 | E21: 31 | F21: =(C21*100)/B21 -> 99.620613 | G21: =(D21*100)/B21 -> 0.85361998 | H21: =((B21-B22)/B21)*100 -> 1.2013911 | I21: =((B21-C21)/B21)*100 -> 0.37938666 | J21: =((C21-B22)/C21)*100 -> 0.82513488 | K21: =100-(((C3-C22)/C3)*100) -> 66.487532 | L21: 1.0019042 | M21: Normal | N21: 23.34 | O21: =N21/C21 -> 0.0074071723 | P21: =(Boosters_And!B21*100)/Boosters_And!N21 -> 0.51555503 | Q21: =Boosters_And!B21/(C21+D21) -> 0.014789176 | R21: =Boosters_And!N21/B21 -> 2.8821968 | S21: 4.1888289 | T21: 0.25706125 | U21: 1460.8232 | V21: 1852880
A22: 20 | B22: 3125 | C22: 3093 | D22: 262 | E22: 143 | F22: =(C22*100)/B22 -> 98.976 | G22: =(D22*100)/B22 -> 8.384 | H22: =((B22-B23)/B22)*100 -> 3.52 | I22: =((B22-C22)/B22)*100 -> 1.024 | J22: =((C22-B23)/C22)*100 -> 2.5218235 | K22: =100-(((C3-C23)/C3)*100) -> 64.531384 | L22: 1.018752 | M22: Normal | N22: 8.92 | O22: =N22/C22 -> 0.0028839315 | P22: =(Boosters_And!B22*100)/Boosters_And!N22 -> 6.6007974 | Q22: =Boosters_And!B22/(C22+D22) -> 0.18147972 | R22: =Boosters_And!N22/B22 -> 2.9517135 | S22: 5.3789201 | T22: 0.16521177 | U22: 1506.4704 | V22: 1794150
A23: 21 | B23: 3015 | C23: 3002 | D23: 33 | E23: 38 | F23: =(C23*100)/B23 -> 99.568823 | G23: =(D23*100)/B23 -> 1.0945274 | H23: =((B23-B24)/B23)*100 -> 2.6865672 | I23: =((B23-C23)/B23)*100 -> 0.43117745 | J23: =((C23-B24)/C23)*100 -> 2.2651566 | K23: =100-(((C3-C24)/C3)*100) -> 62.940671 | L23: 1.001998 | M23: Normal | N23: 9.46 | O23: =N23/C23 -> 0.0031512325 | P23: =(Boosters_And!B23*100)/Boosters_And!N23 -> 1.8381008 | Q23: =Boosters_And!B23/(C23+D23) -> 0.050497791 | R23: =Boosters_And!N23/B23 -> 2.765505 | S23: 4.3233433 | T23: 0.34110593 | U23: 1579.958 | V23: 1888830
A24: 22 | B24: 2934 | C24: 2928 | D24: 34 | E24: 31 | F24: =(C24*100)/B24 -> 99.795501 | G24: =(D24*100)/B24 -> 1.1588275 | H24: =((B24-B25)/B24)*100 -> 0.68166326 | I24: =((B24-C24)/B24)*100 -> 0.20449898 | J24: =((C24-B25)/C24)*100 -> 0.47814208 | K24: =100-(((C3-C25)/C3)*100) -> 61.134996 | L24: 1.0023899 | M24: Normal | N24: 20.62 | O24: =N24/C24 -> 0.0070423497 | P24: =(Boosters_And!B24*100)/Boosters_And!N24 -> 0.62409905 | Q24: =Boosters_And!B24/(C24+D24) -> 0.017218096 | R24: =Boosters_And!N24/B24 -> 2.785201 | S24: 4.1850461 | T24: 0.16905738 | U24: 1635.1755 | V24: 1909210
A25: 23 | B25: 2914 | C25: 2844 | D25: 709 | E25: 355 | F25: =(C25*100)/B25 -> 97.597804 | G25: =(D25*100)/B25 -> 24.330817 | H25: =((B25-B26)/B25)*100 -> 3.0885381 | I25: =((B25-C25)/B25)*100 -> 2.4021963 | J25: =((C25-B26)/C25)*100 -> 0.70323488 | K25: =100-(((C3-C26)/C3)*100) -> 60.038693 | L25: 1.1251318 | M25: Hard | N25: 11.48 | O25: =N25/C25 -> 0.0040365682 | P25: =(Boosters_And!B25*100)/Boosters_And!N25 -> 18.468172 | Q25: =Boosters_And!B25/(C25+D25) -> 0.48006965 | R25: =Boosters_And!N25/B25 -> 3.1694653 | S25: 5.7697715 | T25: 0.21308017 | U25: 1526.8196 | V25: 1760660
A26: 24 | B26: 2824 | C26: 2793 | D26: 381 | E26: 233 | F26: =(C26*100)/B26 -> 98.902266 | G26: =(D26*100)/B26 -> 13.491501 | H26: =((B26-B27)/B26)*100 -> 2.1246459 | I26: =((B26-C26)/B26)*100 -> 1.0977337 | J26: =((C26-B27)/C26)*100 -> 1.0383101 | K26: =100-(((C3-C27)/C3)*100) -> 59.329321 | L26: 1.0547602 | M26: Normal | N26: 26.25 | O26: =N26/C26 -> 0.0093984962 | P26: =(Boosters_And!B26*100)/Boosters_And!N26 -> 12.571264 | Q26: =Boosters_And!B26/(C26+D26) -> 0.26704643 | R26: =Boosters_And!N26/B26 -> 2.3875367 | S26: 3.8228346 | T26: 0.20085929 | U26: 1599.3 | V26: 1795500
A27: 25 | B27: 2764 | C27: 2760 | D27: 11 | E27: 16 | F27: =(C27*100)/B27 -> 99.855282 | G27: =(D27*100)/B27 -> 0.39797395 | H27: =((B27-B28)/B27)*100 -> 2.0622287 | I27: =((B27-C27)/B27)*100 -> 0.1447178 | J27: =((C27-B28)/C27)*100 -> 1.9202899 | K27: =100-(((C3-C28)/C3)*100) -> 58.104041 | L27: 1.0014488 | M27: Normal | N27: 5.95 | O27: =N27/C27 -> 0.0021557971 | P27: =(Boosters_And!B27*100)/Boosters_And!N27 -> 0.051894144 | Q27: =Boosters_And!B27/(C27+D27) -> 0.0010826416 | R27: =Boosters_And!N27/B27 -> 2.0915337 | S27: 7.2448388 | T27: 0.15326087 | U27: 1649.7989 | V27: 1840030
A28: 26 | B28: 2707 | C28: 2703 | D28: 7 | E28: 8 | F28: =(C28*100)/B28 -> 99.852235 | G28: =(D28*100)/B28 -> 0.25858884 | H28: =((B28-B29)/B28)*100 -> 0.36941263 | I28: =((B28-C28)/B28)*100 -> 0.14776505 | J28: =((C28-B29)/C28)*100 -> 0.22197558 | K28: =100-(((C3-C29)/C3)*100) -> 56.685297 | L28: 1.0014787 | M28: Normal | N28: 0 | O28: =N28/C28 -> 0 | P28: =(Boosters_And!B28*100)/Boosters_And!N28 -> 0.035184607 | Q28: =Boosters_And!B28/(C28+D28) -> 0.00073800738 | R28: =Boosters_And!N28/B28 -> 2.0998537 | S28: 2.607024 | T28: 0.1509434 | U28: 1697.1865 | V28: 1864890
A29: 27 | B29: 2697 | C29: 2637 | D29: 827 | E29: 397 | F29: =(C29*100)/B29 -> 97.775306 | G29: =(D29*100)/B29 -> 30.6637 | H29: =((B29-B30)/B29)*100 -> 3.2628847 | I29: =((B29-C29)/B29)*100 -> 2.2246941 | J29: =((C29-B30)/C29)*100 -> 1.0618127 | K29: =100-(((C3-C30)/C3)*100) -> 56.083405 | L29: 1.1891585 | M29: Normal | N29: 8.47 | O29: =N29/C29 -> 0.0032119833 | P29: =(Boosters_And!B29*100)/Boosters_And!N29 -> 0.77035076 | Q29: =Boosters_And!B29/(C29+D29) -> 0.018099067 | R29: =Boosters_And!N29/B29 -> 3.0176204 | S29: 3.0163002 | T29: 0.18012893 | U29: 1578.6219 | V29: 1707120
A30: 28 | B30: 2609 | C30: 2609 | D30: 24 | E30: 23 | F30: =(C30*100)/B30 -> 100 | G30: =(D30*100)/B30 -> 0.91989268 | H30: =((B30-B31)/B30)*100 -> 0.9965504 | I30: =((B30-C30)/B30)*100 -> 0 | J30: =((C30-B31)/C30)*100 -> 0.9965504 | K30: =100-(((C3-C31)/C3)*100) -> 55.395529 | L30: 1.0015326 | M30: Normal | N30: 16.01 | O30: =N30/C30 -> 0.0061364507 | P30: =(Boosters_And!B30*100)/Boosters_And!N30 -> 0.12506607 | Q30: =Boosters_And!B30/(C30+D30) -> 0.0026585644 | R30: =Boosters_And!N30/B30 -> 2.1452823 | S30: 3.4681992 | T30: 0.15024914 | U30: 1654.6363 | V30: 1758230
A31: 29 | B31: 2583 | C31: 2577 | D31: 90 | E31: 52 | F31: =(C31*100)/B31 -> 99.767712 | G31: =(D31*100)/B31 -> 3.4843206 | H31: =((B31-B32)/B31)*100 -> 0.46457607 | I31: =((B31-C31)/B31)*100 -> 0.23228804 | J31: =((C31-B32)/C31)*100 -> 0.23282887 | K31: =100-(((C3-C32)/C3)*100) -> 54.66466 | L31: 1.015128 | M31: Normal | N31: 5.96 | O31: =N31/C31 -> 0.0023127668 | P31: =(Boosters_And!B31*100)/Boosters_And!N31 -> 0.26240756 | Q31: =Boosters_And!B31/(C31+D31) -> 0.0056731899 | R31: =Boosters_And!N31/B31 -> 2.2322847 | S31: 3.8052754 | T31: 0.14823438 | U31: 1662.2689 | V31: 1778870
A32: 30 | B32: 2571 | C32: 2543 | D32: 192 | E32: 106 | F32: =(C32*100)/B32 -> 98.91093 | G32: =(D32*100)/B32 -> 7.4679113 | H32: =((B32-B33)/B32)*100 -> 1.9447686 | I32: =((B32-C32)/B32)*100 -> 1.0890704 | J32: =((C32-B33)/C32)*100 -> 0.86511994 | K32: =100-(((C3-C33)/C3)*100) -> 52.515047 | L32: 1.0334119 | M32: Normal | N32: 2.22 | O32: =N32/C32 -> 0.00087298466 | P32: =(Boosters_And!B32*100)/Boosters_And!N32 -> 0.54110057 | Q32: =Boosters_And!B32/(C32+D32) -> 0.011795537 | R32: =Boosters_And!N32/B32 -> 2.3189693 | S32: 4.6584119 | T32: 0.16397955 | U32: 1678.6775 | V32: 1774020
A33: 31 | B33: 2521 | C33: 2443 | D33: 1054 | E33: 475 | F33: =(C33*100)/B33 -> 96.90599 | G33: =(D33*100)/B33 -> 41.808806 | H33: =((B33-B34)/B33)*100 -> 4.3236811 | I33: =((B33-C33)/B33)*100 -> 3.0940103 | J33: =((C33-B34)/C33)*100 -> 1.2689316 | K33: =100-(((C3-C34)/C3)*100) -> 50.902837 | L33: 1.2030291 | M33: Normal | N33: 13.92 | O33: =N33/C33 -> 0.0056979124 | P33: =(Boosters_And!B33*100)/Boosters_And!N33 -> 0.74485424 | Q33: =Boosters_And!B33/(C33+D33) -> 0.018922956 | R33: =Boosters_And!N33/B33 -> 3.5240371 | S33: 4.5792059 | T33: 0.2022104 | U33: 1547.6574 | V33: 1569700
A34: 32 | B34: 2412 | C34: 2368 | D34: 396 | E34: 202 | F34: =(C34*100)/B34 -> 98.175788 | G34: =(D34*100)/B34 -> 16.41791 | H34: =((B34-B35)/B34)*100 -> 2.8606965 | I34: =((B34-C34)/B34)*100 -> 1.8242123 | J34: =((C34-B35)/C34)*100 -> 1.0557432 | K34: =100-(((C3-C35)/C3)*100) -> 47.656922 | L34: 1.0675676 | M34: Normal | N34: 11.47 | O34: =N34/C34 -> 0.00484375 | P34: =(Boosters_And!B34*100)/Boosters_And!N34 -> 2.3684027 | Q34: =Boosters_And!B34/(C34+D34) -> 0.053608386 | R34: =Boosters_And!N34/B34 -> 2.5938086 | S34: 8.0375845 | T34: 0.1875 | U34: 1576.234 | V34: 1522560
A35: 33 | B35: 2343 | C35: 2217 | D35: 652 | E35: 417 | F35: =(C35*100)/B35 -> 94.622279 | G35: =(D35*100)/B35 -> 27.827571 | H35: =((B35-B36)/B35)*100 -> 5.8045241 | I35: =((B35-C35)/B35)*100 -> 5.3777209 | J35: =((C35-B36)/C35)*100 -> 0.45105999 | K35: =100-(((C3-C36)/C3)*100) -> 45.077386 | L35: 1.2467298 | M35: Normal | N35: 43.99 | O35: =N35/C35 -> 0.019842129 | P35: =(Boosters_And!B35*100)/Boosters_And!N35 -> 2.7462001 | Q35: =Boosters_And!B35/(C35+D35) -> 0.080589917 | R35: =Boosters_And!N35/B35 -> 3.5934102 | S35: 4.2471809 | T35: 0.23725756 | U35: 1546.4172 | V35: 1484120
A36: 34 | B36: 2207 | C36: 2097 | D36: 388 | E36: 263 | F36: =(C36*100)/B36 -> 95.015859 | G36: =(D36*100)/B36 -> 17.580426 | H36: =((B36-B37)/B36)*100 -> 4.8482102 | I36: =((B36-C36)/B36)*100 -> 4.9841414 | J36: =((C36-B37)/C36)*100 -> -0.14306152 | K36: =100-(((C3-C37)/C3)*100) -> 44.582975 | L36: 1.2607245 | M36: Normal | N36: 49.41 | O36: =N36/C36 -> 0.023562232 | P36: =(Boosters_And!B36*100)/Boosters_And!N36 -> 8.6660755 | Q36: =Boosters_And!B36/(C36+D36) -> 0.23414758 | R36: =Boosters_And!N36/B36 -> 3.0422246 | S36: 4.7974261 | T36: 0.24225083 | U36: 1614.6338 | V36: 1504705
A37: 35 | B37: 2100 | C37: 2074 | D37: 407 | E37: 197 | F37: =(C37*100)/B37 -> 98.761905 | G37: =(D37*100)/B37 -> 19.380952 | H37: =((B37-B38)/B37)*100 -> 2.047619 | I37: =((B37-C37)/B37)*100 -> 1.2380952 | J37: =((C37-B38)/C37)*100 -> 0.81967213 | K37: =100-(((C3-C38)/C3)*100) -> 44.217541 | L37: 1.0987952 | M37: Normal | N37: 11.97 | O37: =N37/C37 -> 0.0057714561 | P37: =(Boosters_And!B37*100)/Boosters_And!N37 -> 1.088268 | Q37: =Boosters_And!B37/(C37+D37) -> 0.02509504 | R37: =Boosters_And!N37/B37 -> 2.7243286 | S37: 4.8428916 | T37: 0.19575699 | U37: 1600.5988 | V37: 1464415
A38: 36 | B38: 2057 | C38: 2057 | D38: 11 | E38: 13 | F38: =(C38*100)/B38 -> 100 | G38: =(D38*100)/B38 -> 0.53475936 | H38: =((B38-B39)/B38)*100 -> 1.1181332 | I38: =((B38-C38)/B38)*100 -> 0 | J38: =((C38-B39)/C38)*100 -> 1.1181332 | K38: =100-(((C3-C39)/C3)*100) -> 43.680138 | L38: 1.0004859 | M38: Normal | N38: 9.95 | O38: =N38/C38 -> 0.0048371415 | P38: =(Boosters_And!B38*100)/Boosters_And!N38 -> 0.32939026 | Q38: =Boosters_And!B38/(C38+D38) -> 0.0072533849 | R38: =Boosters_And!N38/B38 -> 2.2138399 | S38: 8.0758017 | T38: 0.17258143 | U38: 1675.5017 | V38: 1476400
A39: 37 | B39: 2034 | C39: 2032 | D39: 9 | E39: 7 | F39: =(C39*100)/B39 -> 99.901672 | G39: =(D39*100)/B39 -> 0.44247788 | H39: =((B39-B40)/B39)*100 -> 0.44247788 | I39: =((B39-C39)/B39)*100 -> 0.098328417 | J39: =((C39-B40)/C39)*100 -> 0.34448819 | K39: =100-(((C3-C40)/C3)*100) -> 43.422184 | L39: 1 | M39: Normal | N39: 15.96 | O39: =N39/C39 -> 0.0078543307 | P39: =(Boosters_And!B39*100)/Boosters_And!N39 -> 0.31849264 | Q39: =Boosters_And!B39/(C39+D39) -> 0.0073066059 | R39: =Boosters_And!N39/B39 -> 2.302016 | S39: 3.2705362 | T39: 0.16929134 | U39: 1734.3784 | V39: 1489390
A40: 38 | B40: 2025 | C40: 2020 | D40: 18 | E40: 16 | F40: =(C40*100)/B40 -> 99.753086 | G40: =(D40*100)/B40 -> 0.88888889 | H40: =((B40-B41)/B40)*100 -> -4.0987654 | I40: =((B40-C40)/B40)*100 -> 0.24691358 | J40: =((C40-B41)/C40)*100 -> -4.3564356 | K40: =100-(((C3-C41)/C3)*100) -> 40.455718 | L40: 1.002474 | M40: Normal | N40: 34.93 | O40: =N40/C40 -> 0.017292079 | P40: =(Boosters_And!B40*100)/Boosters_And!N40 -> 0.20085939 | Q40: =Boosters_And!B40/(C40+D40) -> 0.0049067713 | R40: =Boosters_And!N40/B40 -> 2.4585714 | S40: 3.8476002 | T40: 0.16980198 | U40: 1827.2287 | V40: 1529905
A41: 39 | B41: 2108 | C41: 1882 | D41: 1224 | E41: 763 | F41: =(C41*100)/B41 -> 89.278937 | G41: =(D41*100)/B41 -> 58.064516 | H41: =((B41-B42)/B41)*100 -> 4.6489564 | I41: =((B41-C41)/B41)*100 -> 10.721063 | J41: =((C41-B42)/C41)*100 -> -6.8012752 | K41: =100-(((C3-C42)/C3)*100) -> 36.822872 | L41: 1.6399363 | M41: Very Hard | N41: 52.42 | O41: =N41/C41 -> 0.027853348 | P41: =(Boosters_And!B41*100)/Boosters_And!N41 -> 2.7836467 | Q41: =Boosters_And!B41/(C41+D41) -> 0.13369329 | R41: =Boosters_And!N41/B41 -> 7.0766277 | S41: 4.1795008 | T41: 0.33900106 | U41: 1620.4819 | V41: 1255545
A42: 40 | B42: 2010 | C42: 1713 | D42: 1644 | E42: 965 | F42: =(C42*100)/B42 -> 85.223881 | G42: =(D42*100)/B42 -> 81.791045 | H42: =((B42-B43)/B42)*100 -> 14.825871 | I42: =((B42-C42)/B42)*100 -> 14.776119 | J42: =((C42-B43)/C42)*100 -> 0.058377116 | K42: =100-(((C3-C43)/C3)*100) -> 36.736887 | L42: 1.7386231 | M42: Hard | N42: 106.5 | O42: =N42/C42 -> 0.062171629 | P42: =(Boosters_And!B42*100)/Boosters_And!N42 -> 18.998067 | Q42: =Boosters_And!B42/(C42+D42) -> 0.68691213 | R42: =Boosters_And!N42/B42 -> 6.0387499 | S42: 7.4772462 | T42: 0.53356684 | U42: 1310.223 | V42: 851110
A43: 41 | B43: 1712 | C43: 1709 | D43: 14 | E43: 16 | F43: =(C43*100)/B43 -> 99.824766 | G43: =(D43*100)/B43 -> 0.81775701 | H43: =((B43-B44)/B43)*100 -> -4.3808411 | I43: =((B43-C43)/B43)*100 -> 0.17523364 | J43: =((C43-B44)/C43)*100 -> -4.5640726 | K43: =100-(((C3-C44)/C3)*100) -> 35.060189 | L43: 1.0005848 | M43: Normal | N43: 18.96 | O43: =N43/C43 -> 0.011094207 | P43: =(Boosters_And!B43*100)/Boosters_And!N43 -> 1.2018944 | Q43: =Boosters_And!B43/(C43+D43) -> 0.027858387 | R43: =Boosters_And!N43/B43 -> 2.3327659 | S43: 4.3807018 | T43: 0.22235225 | U43: 1390.9403 | V43: 924730
A44: 42 | B44: 1787 | C44: 1631 | D44: 1280 | E44: 842 | F44: =(C44*100)/B44 -> 91.270285 | G44: =(D44*100)/B44 -> 71.628428 | H44: =((B44-B45)/B44)*100 -> 9.1773923 | I44: =((B44-C44)/B44)*100 -> 8.7297146 | J44: =((C44-B45)/C44)*100 -> 0.49049663 | K44: =100-(((C3-C45)/C3)*100) -> 34.651763 | L44: 1.9607843 | M44: Very Hard | N44: 83.1 | O44: =N44/C44 -> 0.050950337 | P44: =(Boosters_And!B44*100)/Boosters_And!N44 -> 8.3595386 | Q44: =Boosters_And!B44/(C44+D44) -> 0.3291538 | R44: =Boosters_And!N44/B44 -> 6.4140778 | S44: 5.9301471 | T44: 0.45003066 | U44: 1245.9975 | V44: 724362
A45: 43 | B45: 1623 | C45: 1612 | D45: 144 | E45: 106 | F45: =(C45*100)/B45 -> 99.322243 | G45: =(D45*100)/B45 -> 8.8724584 | H45: =((B45-B46)/B45)*100 -> 1.6019717 | I45: =((B45-C45)/B45)*100 -> 0.67775724 | J45: =((C45-B46)/C45)*100 -> 0.93052109 | K45: =100-(((C3-C46)/C3)*100) -> 34.307825 | L45: 1.0471172 | M45: Normal | N45: 5.96 | O45: =N45/C45 -> 0.0036972705 | P45: =(Boosters_And!B45*100)/Boosters_And!N45 -> 6.1470316 | Q45: =Boosters_And!B45/(C45+D45) -> 0.15440228 | R45: =Boosters_And!N45/B45 -> 2.7176545 | S45: 4.4457533 | T45: 0.24193548 | U45: 1293.8629 | V45: 771317
A46: 44 | B46: 1597 | C46: 1596 | D46: 6 | E46: 6 | F46: =(C46*100)/B46 -> 99.937383 | G46: =(D46*100)/B46 -> 0.37570445 | H46: =((B46-B47)/B46)*100 -> 0.8140263 | I46: =((B46-C46)/B46)*100 -> 0.062617408 | J46: =((C46-B47)/C46)*100 -> 0.7518797 | K46: =100-(((C3-C47)/C3)*100) -> 34.071367 | L46: 1 | M46: Hard | N46: 9.47 | O46: =N46/C46 -> 0.005933584 | P46: =(Boosters_And!B46*100)/Boosters_And!N46 -> 0.30087172 | Q46: =Boosters_And!B46/(C46+D46) -> 0.006866417 | R46: =Boosters_And!N46/B46 -> 2.2893195 | S46: 6.2429555 | T46: 0.21741855 | U46: 1383.6353 | V46: 814852
A47: 45 | B47: 1584 | C47: 1585 | D47: 5 | E47: 6 | F47: =(C47*100)/B47 -> 100.06313 | G47: =(D47*100)/B47 -> 0.31565657 | H47: =((B47-B48)/B47)*100 -> 0.9469697 | I47: =((B47-C47)/B47)*100 -> -0.063131313 | J47: =((C47-B48)/C47)*100 -> 1.0094637 | K47: =100-(((C3-C48)/C3)*100) -> 33.705933 | L47: 1.0012618 | M47: Normal | N47: 16.98 | O47: =N47/C47 -> 0.010712934 | P47: =(Boosters_And!B47*100)/Boosters_And!N47 -> 0.10789891 | Q47: =Boosters_And!B47/(C47+D47) -> 0.0025157233 | R47: =Boosters_And!N47/B47 -> 2.3403874 | S47: 4.4832808 | T47: 0.20757098 | U47: 1436.6448 | V47: 846192
A48: 46 | B48: 1569 | C48: 1568 | D48: 1 | E48: 2 | F48: =(C48*100)/B48 -> 99.936265 | G48: =(D48*100)/B48 -> 0.063734863 | H48: =((B48-B49)/B48)*100 -> 0.70108349 | I48: =((B48-C48)/B48)*100 -> 0.063734863 | J48: =((C48-B49)/C48)*100 -> 0.6377551 | K48: =100-(((C3-C49)/C3)*100) -> 33.490972 | L48: 1 | M48: Normal | N48: 5.96 | O48: =N48/C48 -> 0.0038010204 | P48: =(Boosters_And!B48*100)/Boosters_And!N48 -> 0.080990669 | Q48: =Boosters_And!B48/(C48+D48) -> 0.0019120459 | R48: =Boosters_And!N48/B48 -> 2.3608224 | S48: 5.8979592 | T48: 0.19897959 | U48: 1504.1849 | V48: 886697
A49: 47 | B49: 1558 | C49: 1558 | D49: 2 | E49: 3 | F49: =(C49*100)/B49 -> 100 | G49: =(D49*100)/B49 -> 0.1283697 | H49: =((B49-B50)/B49)*100 -> 0.064184852 | I49: =((B49-C49)/B49)*100 -> 0 | J49: =((C49-B50)/C49)*100 -> 0.064184852 | K49: =100-(((C3-C50)/C3)*100) -> 33.125537 | L49: 1 | M49: Normal | N49: 6 | O49: =N49/C49 -> 0.0038510911 | P49: =(Boosters_And!B49*100)/Boosters_And!N49 -> 0.053372319 | Q49: =Boosters_And!B49/(C49+D49) -> 0.0012820513 | R49: =Boosters_And!N49/B49 -> 2.4051738 | S49: 3.7323492 | T49: 0.18870347 | U49: 1552.8222 | V49: 924872
A50: 48 | B50: 1557 | C50: 1541 | D50: 314 | E50: 187 | F50: =(C50*100)/B50 -> 98.972383 | G50: =(D50*100)/B50 -> 20.166988 | H50: =((B50-B51)/B50)*100 -> -1.9267823 | I50: =((B50-C50)/B50)*100 -> 1.0276172 | J50: =((C50-B51)/C50)*100 -> -2.9850746 | K50: =100-(((C3-C51)/C3)*100) -> 31.878762 | L50: 1.101233 | M50: Normal | N50: 4.99 | O50: =N50/C50 -> 0.003238157 | P50: =(Boosters_And!B50*100)/Boosters_And!N50 -> 0.47150984 | Q50: =Boosters_And!B50/(C50+D50) -> 0.013008301 | R50: =Boosters_And!N50/B50 -> 3.2868895 | S50: 4.2881246 | T50: 0.22712524 | U50: 1271.5814 | V50: 914237
A51: 49 | B51: 1587 | C51: 1483 | D51: 1060 | E51: 557 | F51: =(C51*100)/B51 -> 93.446755 | G51: =(D51*100)/B51 -> 66.792691 | H51: =((B51-B52)/B51)*100 -> 3.2766226 | I51: =((B51-C51)/B51)*100 -> 6.5532451 | J51: =((C51-B52)/C51)*100 -> -3.5064059 | K51: =100-(((C3-C52)/C3)*100) -> 30.717971 | L51: 1.4578557 | M51: Hard | N51: 66.3 | O51: =N51/C51 -> 0.044706676 | P51: =(Boosters_And!B51*100)/Boosters_And!N51 -> 3.5803562 | Q51: =Boosters_And!B51/(C51+D51) -> 0.11805412 | R51: =Boosters_And!N51/B51 -> 5.2835318 | S51: 6.6473365 | T51: 0.4430209 | U51: 1028.737 | V51: 729952
A52: 50 | B52: 1535 | C52: 1429 | D52: 879 | E52: 559 | F52: =(C52*100)/B52 -> 93.094463 | G52: =(D52*100)/B52 -> 57.263844 | H52: =((B52-B53)/B52)*100 -> 4.5602606 | I52: =((B52-C52)/B52)*100 -> 6.9055375 | J52: =((C52-B53)/C52)*100 -> -2.5192442 | K52: =100-(((C3-C53)/C3)*100) -> 28.138435 | L52: 1.3911826 | M52: Normal | N52: 41.81 | O52: =N52/C52 -> 0.029258223 | P52: =(Boosters_And!B52*100)/Boosters_And!N52 -> 9.0391743 | Q52: =Boosters_And!B52/(C52+D52) -> 0.29306118 | R52: =Boosters_And!N52/B52 -> 4.8748017 | S52: 5.9510147 | T52: 0.40587824 | U52: 1004.4521 | V52: 654172
A53: 51 | B53: 1465 | C53: 1309 | D53: 864 | E53: 663 | F53: =(C53*100)/B53 -> 89.351536 | G53: =(D53*100)/B53 -> 58.976109 | H53: =((B53-B54)/B53)*100 -> 11.467577 | I53: =((B53-C53)/B53)*100 -> 10.648464 | J53: =((C53-B54)/C53)*100 -> 0.91673033 | K53: =100-(((C3-C54)/C3)*100) -> 27.235598 | L53: 1.6539343 | M53: Very Hard | N53: 115.78 | O53: =N53/C53 -> 0.088449198 | P53: =(Boosters_And!B53*100)/Boosters_And!N53 -> 21.992885 | Q53: =Boosters_And!B53/(C53+D53) -> 0.75912903 | R53: =Boosters_And!N53/B53 -> 5.1198296 | S53: 5.9251337 | T53: 0.48051948 | U53: 1027.1711 | V53: 599177
A54: 52 | B54: 1297 | C54: 1267 | D54: 337 | E54: 264 | F54: =(C54*100)/B54 -> 97.68697 | G54: =(D54*100)/B54 -> 25.983038 | H54: =((B54-B55)/B54)*100 -> 2.8527371 | I54: =((B54-C54)/B54)*100 -> 2.3130301 | J54: =((C54-B55)/C54)*100 -> 0.55248619 | K54: =100-(((C3-C55)/C3)*100) -> 27.085125 | L54: 1.1910024 | M54: Normal | N54: 19.94 | O54: =N54/C54 -> 0.015737964 | P54: =(Boosters_And!B54*100)/Boosters_And!N54 -> 16.064773 | Q54: =Boosters_And!B54/(C54+D54) -> 0.37615106 | R54: =Boosters_And!N54/B54 -> 2.8956901 | S54: 7.6858721 | T54: 0.3480663 | U54: 1022.9968 | V54: 609217
A55: 53 | B55: 1260 | C55: 1260 | D55: 3 | E55: 7 | F55: =(C55*100)/B55 -> 100 | G55: =(D55*100)/B55 -> 0.23809524 | H55: =((B55-B56)/B55)*100 -> 0.63492063 | I55: =((B55-C55)/B55)*100 -> 0 | J55: =((C55-B56)/C55)*100 -> 0.63492063 | K55: =100-(((C3-C56)/C3)*100) -> 26.870163 | L55: 1.0015873 | M55: Normal | N55: 1.99 | O55: =N55/C55 -> 0.0015793651 | P55: =(Boosters_And!B55*100)/Boosters_And!N55 -> 0.36779143 | Q55: =Boosters_And!B55/(C55+D55) -> 0.008709422 | R55: =Boosters_And!N55/B55 -> 2.3736711 | S55: 4.3468254 | T55: 0.22460317 | U55: 1081.6802 | V55: 647007
A56: 54 | B56: 1252 | C56: 1250 | D56: 7 | E56: 9 | F56: =(C56*100)/B56 -> 99.840256 | G56: =(D56*100)/B56 -> 0.55910543 | H56: =((B56-B57)/B56)*100 -> -11.261981 | I56: =((B56-C56)/B56)*100 -> 0.15974441 | J56: =((C56-B57)/C56)*100 -> -11.44 | K56: =100-(((C3-C57)/C3)*100) -> 23.495271 | L56: 1.0008 | M56: Normal | N56: 1.99 | O56: =N56/C56 -> 0.001592 | P56: =(Boosters_And!B56*100)/Boosters_And!N56 -> 0.13002616 | Q56: =Boosters_And!B56/(C56+D56) -> 0.0031821798 | R56: =Boosters_And!N56/B56 -> 2.4571118 | S56: 5.0456 | T56: 0.224 | U56: 1137.6096 | V56: 686407
A57: 55 | B57: 1393 | C57: 1093 | D57: 1292 | E57: 972 | F57: =(C57*100)/B57 -> 78.463747 | G57: =(D57*100)/B57 -> 92.749462 | H57: =((B57-B58)/B57)*100 -> 22.75664 | I57: =((B57-C57)/B57)*100 -> 21.536253 | J57: =((C57-B58)/C57)*100 -> 1.5553522 | K57: =100-(((C3-C58)/C3)*100) -> 23.129837 | L57: 2.8096981 | M57: Normal | N57: 150.3 | O57: =N57/C57 -> 0.13751144 | P57: =(Boosters_And!B57*100)/Boosters_And!N57 -> 6.6890283 | Q57: =Boosters_And!B57/(C57+D57) -> 0.41834841 | R57: =Boosters_And!N57/B57 -> 10.708099 | S57: 14.413541 | T57: 0.68161025 | U57: 904 | V57: 529860
A58: 56 | B58: 1076 | C58: 1076 | D58: 2 | E58: 2 | F58: =(C58*100)/B58 -> 100 | G58: =(D58*100)/B58 -> 0.18587361 | H58: =((B58-B59)/B58)*100 -> 0.55762082 | I58: =((B58-C58)/B58)*100 -> 0 | J58: =((C58-B59)/C58)*100 -> 0.55762082 | K58: =100-(((C3-C59)/C3)*100) -> 23.00086 | L58: 1 | M58: Normal | N58: 4.98 | O58: =N58/C58 -> 0.0046282528 | P58: =(Boosters_And!B58*100)/Boosters_And!N58 -> 0.036123764 | Q58: =Boosters_And!B58/(C58+D58) -> 0.00092764378 | R58: =Boosters_And!N58/B58 -> 2.5727331 | S58: 6.5873606 | T58: 0.25836431 | U58: 977.66914 | V58: 547100
A59: 57 | B59: 1070 | C59: 1070 | D59: 2 | E59: 2 | F59: =(C59*100)/B59 -> 100 | G59: =(D59*100)/B59 -> 0.18691589 | H59: =((B59-B60)/B59)*100 -> 0.28037383 | I59: =((B59-C59)/B59)*100 -> 0 | J59: =((C59-B60)/C59)*100 -> 0.28037383 | K59: =100-(((C3-C60)/C3)*100) -> 22.807395 | L59: 1 | M59: Normal | N59: 2.99 | O59: =N59/C59 -> 0.0027943925 | P59: =(Boosters_And!B59*100)/Boosters_And!N59 -> 0.036010083 | Q59: =Boosters_And!B59/(C59+D59) -> 0.00093283582 | R59: =Boosters_And!N59/B59 -> 2.5953271 | S59: 6.1056075 | T59: 0.24205607 | U59: 1029.3056 | V59: 564630
A60: 58 | B60: 1067 | C60: 1061 | D60: 114 | E60: 69 | F60: =(C60*100)/B60 -> 99.437676 | G60: =(D60*100)/B60 -> 10.684161 | H60: =((B60-B61)/B60)*100 -> -1.968135 | I60: =((B60-C60)/B60)*100 -> 0.56232427 | J60: =((C60-B61)/C60)*100 -> -2.5447691 | K60: =100-(((C3-C61)/C3)*100) -> 22.506449 | L60: 1.0518379 | M60: Normal | N60: 6.49 | O60: =N60/C60 -> 0.0061168709 | P60: =(Boosters_And!B60*100)/Boosters_And!N60 -> 0.71805095 | Q60: =Boosters_And!B60/(C60+D60) -> 0.019907398 | R60: =Boosters_And!N60/B60 -> 3.0530413 | S60: 6.4410933 | T60: 0.26861451 | U60: 1073.7295 | V60: 579685
A61: 59 | B61: 1088 | C61: 1047 | D61: 554 | E61: 381 | F61: =(C61*100)/B61 -> 96.231618 | G61: =(D61*100)/B61 -> 50.919118 | H61: =((B61-B62)/B61)*100 -> 4.5955882 | I61: =((B61-C61)/B61)*100 -> 3.7683824 | J61: =((C61-B62)/C61)*100 -> 0.85959885 | K61: =100-(((C3-C62)/C3)*100) -> 22.205503 | L61: 1.4966571 | M61: Normal | N61: 28.66 | O61: =N61/C61 -> 0.027373448 | P61: =(Boosters_And!B61*100)/Boosters_And!N61 -> 12.178134 | Q61: =Boosters_And!B61/(C61+D61) -> 0.39257903 | R61: =Boosters_And!N61/B61 -> 4.743608 | S61: 5.991404 | T61: 0.39446036 | U61: 1046.4632 | V61: 518255
A62: 60 | B62: 1038 | C62: 1033 | D62: 149 | E62: 88 | F62: =(C62*100)/B62 -> 99.518304 | G62: =(D62*100)/B62 -> 14.354528 | H62: =((B62-B63)/B62)*100 -> -1.2524085 | I62: =((B62-C62)/B62)*100 -> 0.48169557 | J62: =((C62-B63)/C62)*100 -> -1.7424976 | K62: =100-(((C3-C63)/C3)*100) -> 21.711092 | L62: 1.0812379 | M62: Normal | N62: 4.99 | O62: =N62/C62 -> 0.0048305905 | P62: =(Boosters_And!B62*100)/Boosters_And!N62 -> 4.068043 | Q62: =Boosters_And!B62/(C62+D62) -> 0.1044284 | R62: =Boosters_And!N62/B62 -> 2.9231643 | S62: 9.0038685 | T62: 0.28848015 | U62: 1082.9255 | V62: 526645
A63: 61 | B63: 1051 | C63: 1010 | D63: 579 | E63: 344 | F63: =(C63*100)/B63 -> 96.098953 | G63: =(D63*100)/B63 -> 55.09039 | H63: =((B63-B64)/B63)*100 -> 2.7592769 | I63: =((B63-C63)/B63)*100 -> 3.9010466 | J63: =((C63-B64)/C63)*100 -> -1.1881188 | K63: =100-(((C3-C64)/C3)*100) -> 21.195185 | L63: 1.446093 | M63: Hard | N63: 39.07 | O63: =N63/C63 -> 0.038683168 | P63: =(Boosters_And!B63*100)/Boosters_And!N63 -> 5.210805 | Q63: =Boosters_And!B63/(C63+D63) -> 0.16075003 | R63: =Boosters_And!N63/B63 -> 4.6640955 | S63: 6.8882295 | T63: 0.3980198 | U63: 1085.8396 | V63: 531785
A64: 62 | B64: 1022 | C64: 986 | D64: 427 | E64: 256 | F64: =(C64*100)/B64 -> 96.477495 | G64: =(D64*100)/B64 -> 41.780822 | H64: =((B64-B65)/B64)*100 -> 3.9138943 | I64: =((B64-C64)/B64)*100 -> 3.5225049 | J64: =((C64-B65)/C64)*100 -> 0.40567951 | K64: =100-(((C3-C65)/C3)*100) -> 21.087704 | L64: 1.2695035 | M64: Very Hard | N64: 15.46 | O64: =N64/C64 -> 0.015679513 | P64: =(Boosters_And!B64*100)/Boosters_And!N64 -> 5.7224513 | Q64: =Boosters_And!B64/(C64+D64) -> 0.16384988 | R64: =Boosters_And!N64/B64 -> 3.9587245 | S64: 4.4721378 | T64: 0.37423935 | U64: 1105.8854 | V64: 491060
A65: 63 | B65: 982 | C65: 981 | D65: 18 | E65: 17 | F65: =(C65*100)/B65 -> 99.898167 | G65: =(D65*100)/B65 -> 1.8329939 | H65: =((B65-B66)/B65)*100 -> 0 | I65: =((B65-C65)/B65)*100 -> 0.10183299 | J65: =((C65-B66)/C65)*100 -> -0.1019368 | K65: =100-(((C3-C66)/C3)*100) -> 20.786758 | L65: 1.0020367 | M65: Normal | N65: 1.99 | O65: =N65/C65 -> 0.0020285423 | P65: =(Boosters_And!B65*100)/Boosters_And!N65 -> 0.63530559 | Q65: =Boosters_And!B65/(C65+D65) -> 0.015667655 | R65: =Boosters_And!N65/B65 -> 2.5088537 | S65: 5.4114053 | T65: 0.26503568 | U65: 1171.7003 | V65: 523840
A66: 64 | B66: 982 | C66: 967 | D66: 257 | E66: 169 | F66: =(C66*100)/B66 -> 98.472505 | G66: =(D66*100)/B66 -> 26.171079 | H66: =((B66-B67)/B66)*100 -> -25.050916 | I66: =((B66-C66)/B66)*100 -> 1.5274949 | J66: =((C66-B67)/C66)*100 -> -26.990693 | K66: =100-(((C3-C67)/C3)*100) -> 16.595013 | L66: 1.161157 | M66: Normal | N66: 16.45 | O66: =N66/C66 -> 0.017011375 | P66: =(Boosters_And!B66*100)/Boosters_And!N66 -> 2.5035592 | Q66: =Boosters_And!B66/(C66+D66) -> 0.068271871 | R66: =Boosters_And!N66/B66 -> 3.3990211 | S66: 5.0371901 | T66: 0.30403309 | U66: 1187.2834 | V66: 504230
A67: 65 | B67: 1228 | C67: 772 | D67: 1203 | E67: 974 | F67: =(C67*100)/B67 -> 62.86645 | G67: =(D67*100)/B67 -> 97.964169 | H67: =((B67-B68)/B67)*100 -> 37.37785 | I67: =((B67-C67)/B67)*100 -> 37.13355 | J67: =((C67-B68)/C67)*100 -> 0.38860104 | K67: =100-(((C3-C68)/C3)*100) -> 16.466036 | L67: 4.3712807 | M67: Normal | N67: 293.92 | O67: =N67/C67 -> 0.38072539 | P67: =(Boosters_And!B67*100)/Boosters_And!N67 -> 21.291239 | Q67: =Boosters_And!B67/(C67+D67) -> 1.7276215 | R67: =Boosters_And!N67/B67 -> 13.050176 | S67: 9.7425614 | T67: 1.126943 | U67: 992.30829 | V67: 413045
A68: 66 | B68: 769 | C68: 766 | D68: 9 | E68: 5 | F68: =(C68*100)/B68 -> 99.609883 | G68: =(D68*100)/B68 -> 1.1703511 | H68: =((B68-B69)/B68)*100 -> -0.78023407 | I68: =((B68-C68)/B68)*100 -> 0.39011704 | J68: =((C68-B69)/C68)*100 -> -1.1749347 | K68: =100-(((C3-C69)/C3)*100) -> 16.315563 | L68: 1.0013021 | M68: Normal | N68: 12.98 | O68: =N68/C68 -> 0.01694517 | P68: =(Boosters_And!B68*100)/Boosters_And!N68 -> 0.66292644 | Q68: =Boosters_And!B68/(C68+D68) -> 0.015652126 | R68: =Boosters_And!N68/B68 -> 2.3794871 | S68: 7.8085938 | T68: 0.28328982 | U68: 1089.6697 | V68: 431305
A69: 67 | B69: 775 | C69: 759 | D69: 193 | E69: 106 | F69: =(C69*100)/B69 -> 97.935484 | G69: =(D69*100)/B69 -> 24.903226 | H69: =((B69-B70)/B69)*100 -> 1.2903226 | I69: =((B69-C69)/B69)*100 -> 2.0645161 | J69: =((C69-B70)/C69)*100 -> -0.79051383 | K69: =100-(((C3-C70)/C3)*100) -> 16.337059 | L69: 1.0881579 | M69: Normal | N69: 5.97 | O69: =N69/C69 -> 0.0078656126 | P69: =(Boosters_And!B69*100)/Boosters_And!N69 -> 5.5019892 | Q69: =Boosters_And!B69/(C69+D69) -> 0.14664701 | R69: =Boosters_And!N69/B69 -> 3.2740757 | S69: 14.326316 | T69: 0.34650856 | U69: 1075.3715 | V69: 432150
A70: 68 | B70: 765 | C70: 760 | D70: 193 | E70: 110 | F70: =(C70*100)/B70 -> 99.346405 | G70: =(D70*100)/B70 -> 25.228758 | H70: =((B70-B71)/B70)*100 -> 0.39215686 | I70: =((B70-C70)/B70)*100 -> 0.65359477 | J70: =((C70-B71)/C70)*100 -> -0.26315789 | K70: =100-(((C3-C71)/C3)*100) -> 16.315563 | L70: 1.1156373 | M70: Normal | N70: 6.98 | O70: =N70/C70 -> 0.0091842105 | P70: =(Boosters_And!B70*100)/Boosters_And!N70 -> 2.1835929 | Q70: =Boosters_And!B70/(C70+D70) -> 0.054199357 | R70: =Boosters_And!N70/B70 -> 3.0921029 | S70: 7.848883 | T70: 0.35 | U70: 1115.4434 | V70: 432080
A71: 69 | B71: 762 | C71: 759 | D71: 120 | E71: 67 | F71: =(C71*100)/B71 -> 99.606299 | G71: =(D71*100)/B71 -> 15.748031 | H71: =((B71-B72)/B71)*100 -> 0.52493438 | I71: =((B71-C71)/B71)*100 -> 0.39370079 | J71: =((C71-B72)/C71)*100 -> 0.13175231 | K71: =100-(((C3-C72)/C3)*100) -> 16.294067 | L71: 1.0605263 | M71: Normal | N71: 6.49 | O71: =N71/C71 -> 0.0085507246 | P71: =(Boosters_And!B71*100)/Boosters_And!N71 -> 1.8644808 | Q71: =Boosters_And!B71/(C71+D71) -> 0.044516948 | R71: =Boosters_And!N71/B71 -> 2.7542374 | S71: 4.6302632 | T71: 0.33596838 | U71: 1161.7879 | V71: 439450
A72: 70 | B72: 758 | C72: 758 | D72: 31 | E72: 19 | F72: =(C72*100)/B72 -> 100 | G72: =(D72*100)/B72 -> 4.0897098 | H72: =((B72-B73)/B72)*100 -> 0.79155673 | I72: =((B72-C72)/B72)*100 -> 0 | J72: =((C72-B73)/C72)*100 -> 0.79155673 | K72: =100-(((C3-C73)/C3)*100) -> 16.16509 | L72: 1.0144928 | M72: Normal | N72: 0.99 | O72: =N72/C72 -> 0.0013060686 | P72: =(Boosters_And!B72*100)/Boosters_And!N72 -> 0.73828719 | Q72: =Boosters_And!B72/(C72+D72) -> 0.018074518 | R72: =Boosters_And!N72/B72 -> 2.5482921 | S72: 7.1581028 | T72: 0.29551451 | U72: 1209.5079 | V72: 469305
A73: 71 | B73: 752 | C73: 752 | D73: 113 | E73: 60 | F73: =(C73*100)/B73 -> 100 | G73: =(D73*100)/B73 -> 15.026596 | H73: =((B73-B74)/B73)*100 -> 0.66489362 | I73: =((B73-C73)/B73)*100 -> 0 | J73: =((C73-B74)/C73)*100 -> 0.66489362 | K73: =100-(((C3-C74)/C3)*100) -> 16.036113 | L73: 1.0544489 | M73: Normal | N73: 10.99 | O73: =N73/C73 -> 0.014614362 | P73: =(Boosters_And!B73*100)/Boosters_And!N73 -> 3.9715076 | Q73: =Boosters_And!B73/(C73+D73) -> 0.1070113 | R73: =Boosters_And!N73/B73 -> 3.0993633 | S73: 8.309429 | T73: 0.3337766 | U73: 1258.4601 | V73: 483600
A74: 72 | B74: 747 | C74: 746 | D74: 11 | E74: 12 | F74: =(C74*100)/B74 -> 99.866131 | G74: =(D74*100)/B74 -> 1.4725569 | H74: =((B74-B75)/B74)*100 -> -1.0709505 | I74: =((B74-C74)/B74)*100 -> 0.13386881 | J74: =((C74-B75)/C74)*100 -> -1.2064343 | K74: =100-(((C3-C75)/C3)*100) -> 16.036113 | L74: 1.0040161 | M74: Normal | N74: 0 | O74: =N74/C74 -> 0 | P74: =(Boosters_And!B74*100)/Boosters_And!N74 -> 8.2983943 | Q74: =Boosters_And!B74/(C74+D74) -> 0.19550859 | R74: =Boosters_And!N74/B74 -> 2.3875202 | S74: 6.0174029 | T74: 0.30294906 | U74: 1316.2962 | V74: 498275
A75: 73 | B75: 755 | C75: 746 | D75: 268 | E75: 129 | F75: =(C75*100)/B75 -> 98.807947 | G75: =(D75*100)/B75 -> 35.496689 | H75: =((B75-B76)/B75)*100 -> 2.2516556 | I75: =((B75-C75)/B75)*100 -> 1.192053 | J75: =((C75-B76)/C75)*100 -> 1.0723861 | K75: =100-(((C3-C76)/C3)*100) -> 15.821152 | L75: 1.1581769 | M75: Normal | N75: 4.99 | O75: =N75/C75 -> 0.006689008 | P75: =(Boosters_And!B75*100)/Boosters_And!N75 -> 6.521783 | Q75: =Boosters_And!B75/(C75+D75) -> 0.1584765 | R75: =Boosters_And!N75/B75 -> 3.2635444 | S75: 5.4906166 | T75: 0.40348525 | U75: 1284.8351 | V75: 466185
A76: 74 | B76: 738 | C76: 736 | D76: 34 | E76: 16 | F76: =(C76*100)/B76 -> 99.728997 | G76: =(D76*100)/B76 -> 4.6070461 | H76: =((B76-B77)/B76)*100 -> -8.9430894 | I76: =((B76-C76)/B76)*100 -> 0.27100271 | J76: =((C76-B77)/C76)*100 -> -9.2391304 | K76: =100-(((C3-C77)/C3)*100) -> 14.058469 | L76: 1.0163043 | M76: Normal | N76: 4.98 | O76: =N76/C76 -> 0.0067663043 | P76: =(Boosters_And!B76*100)/Boosters_And!N76 -> 0.72737111 | Q76: =Boosters_And!B76/(C76+D76) -> 0.016883117 | R76: =Boosters_And!N76/B76 -> 2.4217591 | S76: 4.8138587 | T76: 0.29347826 | U76: 1343.1821 | V76: 491885
A77: 75 | B77: 804 | C77: 654 | D77: 803 | E77: 477 | F77: =(C77*100)/B77 -> 81.343284 | G77: =(D77*100)/B77 -> 99.875622 | H77: =((B77-B78)/B77)*100 -> 20.273632 | I77: =((B77-C77)/B77)*100 -> 18.656716 | J77: =((C77-B78)/C77)*100 -> 1.9877676 | K77: =100-(((C3-C78)/C3)*100) -> 13.800516 | L77: 2.4082569 | M77: Normal | N77: 133.38 | O77: =N77/C77 -> 0.20394495 | P77: =(Boosters_And!B77*100)/Boosters_And!N77 -> 19.97349 | Q77: =Boosters_And!B77/(C77+D77) -> 1.0860353 | R77: =Boosters_And!N77/B77 -> 9.8535677 | S77: 6.2018349 | T77: 0.99235474 | U77: 925.10245 | V77: 415775
A78: 76 | B78: 641 | C78: 642 | D78: 0 | E78: 1 | F78: =(C78*100)/B78 -> 100.15601 | G78: =(D78*100)/B78 -> 0 | H78: =((B78-B79)/B78)*100 -> -0.31201248 | I78: =((B78-C78)/B78)*100 -> -0.15600624 | J78: =((C78-B79)/C78)*100 -> -0.15576324 | K78: =100-(((C3-C79)/C3)*100) -> 13.757524 | L78: 1.0015576 | M78: Normal | N78: 12.98 | O78: =N78/C78 -> 0.020218069 | P78: =(Boosters_And!B78*100)/Boosters_And!N78 -> 0.18879799 | Q78: =Boosters_And!B78/(C78+D78) -> 0.0046728972 | R78: =Boosters_And!N78/B78 -> 2.4789392 | S78: 9.682243 | T78: 0.3271028 | U78: 1028.5312 | V78: 446085
A79: 77 | B79: 643 | C79: 640 | D79: 12 | E79: 6 | F79: =(C79*100)/B79 -> 99.533437 | G79: =(D79*100)/B79 -> 1.8662519 | H79: =((B79-B80)/B79)*100 -> 1.244168 | I79: =((B79-C79)/B79)*100 -> 0.46656299 | J79: =((C79-B80)/C79)*100 -> 0.78125 | K79: =100-(((C3-C80)/C3)*100) -> 13.628547 | L79: 1.0078125 | M79: Normal | N79: 4.99 | O79: =N79/C79 -> 0.007796875 | P79: =(Boosters_And!B79*100)/Boosters_And!N79 -> 0.36560185 | Q79: =Boosters_And!B79/(C79+D79) -> 0.009202454 | R79: =Boosters_And!N79/B79 -> 2.552301 | S79: 5.846875 | T79: 0.315625 | U79: 1091.3312 | V79: 461990
A80: 78 | B80: 635 | C80: 634 | D80: 11 | E80: 8 | F80: =(C80*100)/B80 -> 99.84252 | G80: =(D80*100)/B80 -> 1.7322835 | H80: =((B80-B81)/B80)*100 -> 0.31496063 | I80: =((B80-C80)/B80)*100 -> 0.15748031 | J80: =((C80-B81)/C80)*100 -> 0.15772871 | K80: =100-(((C3-C81)/C3)*100) -> 13.413586 | L80: 1.0031546 | M80: Normal | N80: 0 | O80: =N80/C80 -> 0 | P80: =(Boosters_And!B80*100)/Boosters_And!N80 -> 0.24129889 | Q80: =Boosters_And!B80/(C80+D80) -> 0.0062015504 | R80: =Boosters_And!N80/B80 -> 2.6105436 | S80: 4.6167192 | T80: 0.29968454 | U80: 1180.0426 | V80: 494830
A81: 79 | B81: 633 | C81: 624 | D81: 172 | E81: 90 | F81: =(C81*100)/B81 -> 98.578199 | G81: =(D81*100)/B81 -> 27.172196 | H81: =((B81-B82)/B81)*100 -> -7.7409163 | I81: =((B81-C81)/B81)*100 -> 1.4218009 | J81: =((C81-B82)/C81)*100 -> -9.2948718 | K81: =100-(((C3-C82)/C3)*100) -> 12.962167 | L81: 1.1153846 | M81: Normal | N81: 10.99 | O81: =N81/C81 -> 0.017612179 | P81: =(Boosters_And!B81*100)/Boosters_And!N81 -> 3.7924845 | Q81: =Boosters_And!B81/(C81+D81) -> 0.10907734 | R81: =Boosters_And!N81/B81 -> 3.6167634 | S81: 5.0753205 | T81: 0.37820513 | U81: 1143.2244 | V81: 463310
A82: 80 | B82: 682 | C82: 603 | D82: 564 | E82: 341 | F82: =(C82*100)/B82 -> 88.416422 | G82: =(D82*100)/B82 -> 82.697947 | H82: =((B82-B83)/B82)*100 -> 8.2111437 | I82: =((B82-C82)/B82)*100 -> 11.583578 | J82: =((C82-B83)/C82)*100 -> -3.814262 | K82: =100-(((C3-C83)/C3)*100) -> 12.919175 | L82: 2.4652318 | M82: Normal | N82: 66.29 | O82: =N82/C82 -> 0.10993367 | P82: =(Boosters_And!B82*100)/Boosters_And!N82 -> 10.964392 | Q82: =Boosters_And!B82/(C82+D82) -> 0.45653504 | R82: =Boosters_And!N82/B82 -> 7.124855 | S82: 8.0794702 | T82: 0.75290216 | U82: 1103.33 | V82: 359275
A83: 81 | B83: 626 | C83: 601 | D83: 339 | E83: 180 | F83: =(C83*100)/B83 -> 96.00639 | G83: =(D83*100)/B83 -> 54.153355 | H83: =((B83-B84)/B83)*100 -> 2.8753994 | I83: =((B83-C83)/B83)*100 -> 3.9936102 | J83: =((C83-B84)/C83)*100 -> -1.1647255 | K83: =100-(((C3-C84)/C3)*100) -> 12.83319 | L83: 1.2404643 | M83: Normal | N83: 26.44 | O83: =N83/C83 -> 0.043993344 | P83: =(Boosters_And!B83*100)/Boosters_And!N83 -> 6.6369655 | Q83: =Boosters_And!B83/(C83+D83) -> 0.19324588 | R83: =Boosters_And!N83/B83 -> 4.3721415 | S83: 6.3018242 | T83: 0.51747088 | U83: 1098.2413 | V83: 335165
A84: 82 | B84: 608 | C84: 597 | D84: 159 | E84: 83 | F84: =(C84*100)/B84 -> 98.190789 | G84: =(D84*100)/B84 -> 26.151316 | H84: =((B84-B85)/B84)*100 -> 1.9736842 | I84: =((B84-C84)/B84)*100 -> 1.8092105 | J84: =((C84-B85)/C84)*100 -> 0.16750419 | K84: =100-(((C3-C85)/C3)*100) -> 12.790198 | L84: 1.1187291 | M84: Normal | N84: 1.99 | O84: =N84/C84 -> 0.0033333333 | P84: =(Boosters_And!B84*100)/Boosters_And!N84 -> 3.8386 | Q84: =Boosters_And!B84/(C84+D84) -> 0.10702636 | R84: =Boosters_And!N84/B84 -> 3.4668584 | S84: 4.5 | T84: 0.39530988 | U84: 1119.6449 | V84: 349320
A85: 83 | B85: 596 | C85: 595 | D85: 2 | E85: 2 | F85: =(C85*100)/B85 -> 99.832215 | G85: =(D85*100)/B85 -> 0.33557047 | H85: =((B85-B86)/B85)*100 -> -0.83892617 | I85: =((B85-C85)/B85)*100 -> 0.16778523 | J85: =((C85-B86)/C85)*100 -> -1.0084034 | K85: =100-(((C3-C86)/C3)*100) -> 12.489252 | L85: 1.0050336 | M85: Normal | N85: 1.99 | O85: =N85/C85 -> 0.0033445378 | P85: =(Boosters_And!B85*100)/Boosters_And!N85 -> 0.45012303 | Q85: =Boosters_And!B85/(C85+D85) -> 0.011725293 | R85: =Boosters_And!N85/B85 -> 2.6092792 | S85: 4.5956376 | T85: 0.3210084 | U85: 1183.3496 | V85: 373595
A86: 84 | B86: 601 | C86: 581 | D86: 369 | E86: 199 | F86: =(C86*100)/B86 -> 96.672213 | G86: =(D86*100)/B86 -> 61.397671 | H86: =((B86-B87)/B86)*100 -> -1.8302829 | I86: =((B86-C86)/B86)*100 -> 3.327787 | J86: =((C86-B87)/C86)*100 -> -5.3356282 | K86: =100-(((C3-C87)/C3)*100) -> 12.188306 | L86: 1.2920962 | M86: Normal | N86: 30.44 | O86: =N86/C86 -> 0.052392427 | P86: =(Boosters_And!B86*100)/Boosters_And!N86 -> 6.8922191 | Q86: =Boosters_And!B86/(C86+D86) -> 0.18887558 | R86: =Boosters_And!N86/B86 -> 4.3317748 | S86: 6.847079 | T86: 0.46815835 | U86: 1166.4079 | V86: 360355
A87: 85 | B87: 612 | C87: 567 | D87: 493 | E87: 270 | F87: =(C87*100)/B87 -> 92.647059 | G87: =(D87*100)/B87 -> 80.555556 | H87: =((B87-B88)/B87)*100 -> 8.8235294 | I87: =((B87-C87)/B87)*100 -> 7.3529412 | J87: =((C87-B88)/C87)*100 -> 1.5873016 | K87: =100-(((C3-C88)/C3)*100) -> 11.994841 | L87: 1.6825397 | M87: Normal | N87: 41.89 | O87: =N87/C87 -> 0.073880071 | P87: =(Boosters_And!B87*100)/Boosters_And!N87 -> 7.5518228 | Q87: =Boosters_And!B87/(C87+D87) -> 0.27186025 | R87: =Boosters_And!N87/B87 -> 6.2351709 | S87: 4.9347443 | T87: 0.71252205 | U87: 1134.0088 | V87: 334740
A88: 86 | B88: 558 | C88: 558 | D88: 20 | E88: 10 | F88: =(C88*100)/B88 -> 100 | G88: =(D88*100)/B88 -> 3.5842294 | H88: =((B88-B89)/B88)*100 -> -6.9892473 | I88: =((B88-C88)/B88)*100 -> 0 | J88: =((C88-B89)/C88)*100 -> -6.9892473 | K88: =100-(((C3-C89)/C3)*100) -> 11.650903 | L88: 1.0179211 | M88: Normal | N88: 6.49 | O88: =N88/C88 -> 0.011630824 | P88: =(Boosters_And!B88*100)/Boosters_And!N88 -> 1.7111358 | Q88: =Boosters_And!B88/(C88+D88) -> 0.046938404 | R88: =Boosters_And!N88/B88 -> 2.8414335 | S88: 4.8637993 | T88: 0.35663082 | U88: 1201.7168 | V88: 342005
A89: 87 | B89: 597 | C89: 542 | D89: 476 | E89: 280 | F89: =(C89*100)/B89 -> 90.78727 | G89: =(D89*100)/B89 -> 79.731993 | H89: =((B89-B90)/B89)*100 -> 9.8827471 | I89: =((B89-C89)/B89)*100 -> 9.2127303 | J89: =((C89-B90)/C89)*100 -> 0.73800738 | K89: =100-(((C3-C90)/C3)*100) -> 11.564918 | L89: 1.6309963 | M89: Very Hard | N89: 78.36 | O89: =N89/C89 -> 0.14457565 | P89: =(Boosters_And!B89*100)/Boosters_And!N89 -> 12.975774 | Q89: =Boosters_And!B89/(C89+D89) -> 0.57797816 | R89: =Boosters_And!N89/B89 -> 7.5954165 | S89: 6.1752768 | T89: 0.70664207 | U89: 1136.1125 | V89: 277190
A90: 88 | B90: 538 | C90: 538 | D90: 104 | E90: 43 | F90: =(C90*100)/B90 -> 100 | G90: =(D90*100)/B90 -> 19.330855 | H90: =((B90-B91)/B90)*100 -> 0.37174721 | I90: =((B90-C90)/B90)*100 -> 0 | J90: =((C90-B91)/C90)*100 -> 0.37174721 | K90: =100-(((C3-C91)/C3)*100) -> 11.50043 | L90: 1.0557621 | M90: Normal | N90: 0 | O90: =N90/C90 -> 0 | P90: =(Boosters_And!B90*100)/Boosters_And!N90 -> 0.18184902 | Q90: =Boosters_And!B90/(C90+D90) -> 0.0048760086 | R90: =Boosters_And!N90/B90 -> 3.1996778 | S90: 4.8698885 | T90: 0.41635688 | U90: 1206.3439 | V90: 283965
A91: 89 | B91: 536 | C91: 535 | D91: 31 | E91: 14 | F91: =(C91*100)/B91 -> 99.813433 | G91: =(D91*100)/B91 -> 5.7835821 | H91: =((B91-B92)/B91)*100 -> -1.3059701 | I91: =((B91-C91)/B91)*100 -> 0.18656716 | J91: =((C91-B92)/C91)*100 -> -1.4953271 | K91: =100-(((C3-C92)/C3)*100) -> 10.963027 | L91: 1.0224299 | M91: Normal | N91: 0 | O91: =N91/C91 -> 0 | P91: =(Boosters_And!B91*100)/Boosters_And!N91 -> 0.29204868 | Q91: =Boosters_And!B91/(C91+D91) -> 0.0090643066 | R91: =Boosters_And!N91/B91 -> 3.2774116 | S91: 4.8392523 | T91: 0.36261682 | U91: 1262.015 | V91: 292230
A92: 90 | B92: 543 | C92: 510 | D92: 323 | E92: 194 | F92: =(C92*100)/B92 -> 93.922652 | G92: =(D92*100)/B92 -> 59.484346 | H92: =((B92-B93)/B92)*100 -> 4.6040516 | I92: =((B92-C92)/B92)*100 -> 6.0773481 | J92: =((C92-B93)/C92)*100 -> -1.5686275 | K92: =100-(((C3-C93)/C3)*100) -> 11.134996 | L92: 1.3372549 | M92: Normal | N92: 17.88 | O92: =N92/C92 -> 0.035058824 | P92: =(Boosters_And!B92*100)/Boosters_And!N92 -> 14.880015 | Q92: =Boosters_And!B92/(C92+D92) -> 0.57095072 | R92: =Boosters_And!N92/B92 -> 5.8862736 | S92: 7 | T92: 0.58823529 | U92: 1203.5745 | V92: 266030
A93: 91 | B93: 518 | C93: 518 | D93: 66 | E93: 39 | F93: =(C93*100)/B93 -> 100 | G93: =(D93*100)/B93 -> 12.741313 | H93: =((B93-B94)/B93)*100 -> -1.5444015 | I93: =((B93-C93)/B93)*100 -> 0 | J93: =((C93-B94)/C93)*100 -> -1.5444015 | K93: =100-(((C3-C94)/C3)*100) -> 11.027515 | L93: 1.0656371 | M93: Normal | N93: 3.98 | O93: =N93/C93 -> 0.0076833977 | P93: =(Boosters_And!B93*100)/Boosters_And!N93 -> 12.185157 | Q93: =Boosters_And!B93/(C93+D93) -> 0.34246575 | R93: =Boosters_And!N93/B93 -> 3.1686123 | S93: 8.6833977 | T93: 0.38610039 | U93: 1241.0965 | V93: 282575
A94: 92 | B94: 526 | C94: 513 | D94: 246 | E94: 148 | F94: =(C94*100)/B94 -> 97.528517 | G94: =(D94*100)/B94 -> 46.768061 | H94: =((B94-B95)/B94)*100 -> 2.851711 | I94: =((B94-C94)/B94)*100 -> 2.4714829 | J94: =((C94-B95)/C94)*100 -> 0.38986355 | K94: =100-(((C3-C95)/C3)*100) -> 10.941531 | L94: 1.2709552 | M94: Normal | N94: 15.96 | O94: =N94/C94 -> 0.031111111 | P94: =(Boosters_And!B94*100)/Boosters_And!N94 -> 7.5826445 | Q94: =Boosters_And!B94/(C94+D94) -> 0.2571423 | R94: =Boosters_And!N94/B94 -> 4.8933791 | S94: 10.631579 | T94: 0.49317739 | U94: 1209.1579 | V94: 272525
A95: 93 | B95: 511 | C95: 509 | D95: 3 | E95: 3 | F95: =(C95*100)/B95 -> 99.608611 | G95: =(D95*100)/B95 -> 0.58708415 | H95: =((B95-B96)/B95)*100 -> 0 | I95: =((B95-C95)/B95)*100 -> 0.39138943 | J95: =((C95-B96)/C95)*100 -> -0.39292731 | K95: =100-(((C3-C96)/C3)*100) -> 11.027515 | L95: 1.0019646 | M95: Normal | N95: 0 | O95: =N95/C95 -> 0 | P95: =(Boosters_And!B95*100)/Boosters_And!N95 -> 0.36871982 | Q95: =Boosters_And!B95/(C95+D95) -> 0.009765625 | R95: =Boosters_And!N95/B95 -> 2.6537049 | S95: 5.9390963 | T95: 0.33398821 | U95: 1269.6916 | V95: 270440
A96: 94 | B96: 511 | C96: 513 | D96: 9 | E96: 4 | F96: =(C96*100)/B96 -> 100.39139 | G96: =(D96*100)/B96 -> 1.7612524 | H96: =((B96-B97)/B96)*100 -> -16.046967 | I96: =((B96-C96)/B96)*100 -> -0.39138943 | J96: =((C96-B97)/C96)*100 -> -15.594542 | K96: =100-(((C3-C97)/C3)*100) -> 10.27515 | L96: 1.0038986 | M96: Normal | N96: 0 | O96: =N96/C96 -> 0 | P96: =(Boosters_And!B96*100)/Boosters_And!N96 -> 0.14047099 | Q96: =Boosters_And!B96/(C96+D96) -> 0.0038314176 | R96: =Boosters_And!N96/B96 -> 2.7862652 | S96: 7.1871345 | T96: 0.33918129 | U96: 1330.3957 | V96: 281835
A97: 95 | B97: 593 | C97: 478 | D97: 600 | E97: 394 | F97: =(C97*100)/B97 -> 80.607083 | G97: =(D97*100)/B97 -> 101.18044 | H97: =((B97-B98)/B97)*100 -> 18.043845 | I97: =((B97-C97)/B97)*100 -> 19.392917 | J97: =((C97-B98)/C97)*100 -> -1.6736402 | K97: =100-(((C3-C98)/C3)*100) -> 10.339639 | L97: 2.6150628 | M97: Normal | N97: 164.78 | O97: =N97/C97 -> 0.34472803 | P97: =(Boosters_And!B97*100)/Boosters_And!N97 -> 16.24603 | Q97: =Boosters_And!B97/(C97+D97) -> 1.2048621 | R97: =Boosters_And!N97/B97 -> 13.481995 | S97: 8.5753138 | T97: 1.0271967 | U97: 1116.0293 | V97: 230495
A98: 96 | B98: 486 | C98: 481 | D98: 156 | E98: 56 | F98: =(C98*100)/B98 -> 98.971193 | G98: =(D98*100)/B98 -> 32.098765 | H98: =((B98-B99)/B98)*100 -> -0.82304527 | I98: =((B98-C98)/B98)*100 -> 1.0288066 | J98: =((C98-B99)/C98)*100 -> -1.8711019 | K98: =100-(((C3-C99)/C3)*100) -> 10.189166 | L98: 1.0810811 | M98: Normal | N98: 29.93 | O98: =N98/C98 -> 0.062224532 | P98: =(Boosters_And!B98*100)/Boosters_And!N98 -> 6.9825769 | Q98: =Boosters_And!B98/(C98+D98) -> 0.18496949 | R98: =Boosters_And!N98/B98 -> 3.4720625 | S98: 7.5592516 | T98: 0.4989605 | U98: 1153.341 | V98: 222220
A99: 97 | B99: 490 | C99: 474 | D99: 343 | E99: 143 | F99: =(C99*100)/B99 -> 96.734694 | G99: =(D99*100)/B99 -> 70 | H99: =((B99-B100)/B99)*100 -> 2.4489796 | I99: =((B99-C99)/B99)*100 -> 3.2653061 | J99: =((C99-B100)/C99)*100 -> -0.84388186 | K99: =100-(((C3-C100)/C3)*100) -> 10.27515 | L99: 1.3206751 | M99: Normal | N99: 16.49 | O99: =N99/C99 -> 0.03478903 | P99: =(Boosters_And!B99*100)/Boosters_And!N99 -> 8.283917 | Q99: =Boosters_And!B99/(C99+D99) -> 0.25602536 | R99: =Boosters_And!N99/B99 -> 5.1531553 | S99: 7.1244726 | T99: 0.65822785 | U99: 1171.9451 | V99: 182907
A100: 98 | B100: 478 | C100: 478 | D100: 17 | E100: 9 | F100: =(C100*100)/B100 -> 100 | G100: =(D100*100)/B100 -> 3.5564854 | H100: =((B100-B101)/B100)*100 -> -0.62761506 | I100: =((B100-C100)/B100)*100 -> 0 | J100: =((C100-B101)/C100)*100 -> -0.62761506 | K100: =100-(((C3-C101)/C3)*100) -> 10.296647 | L100: 1.0125523 | M100: Normal | N100: 0 | O100: =N100/C100 -> 0 | P100: =(Boosters_And!B100*100)/Boosters_And!N100 -> 0.36502194 | Q100: =Boosters_And!B100/(C100+D100) -> 0.01010101 | R100: =Boosters_And!N100/B100 -> 2.8656499 | S100: 6.6401674 | T100: 0.38284519 | U100: 1220.3494 | V100: 195002
...

Sheet Boosters_And
A1: Segment | C1: Complete | D1: Complete | E1: Complete | F1: Fail | G1: Fail | H1: Fail | J1: Complete | K1: Column 1 | L1: Column 2 | M1: Column 3 | O1: Complete | P1: Complete | Q1: Complete | R1: Fail | S1: Fail | T1: Fail | V1: Complete | W1: Column 1 | X1: Column 2
A2: Level | B2: Total USED Booster | C2: Booster A used | D2: Booster B used | E2: Booster C used | F2: Booster A used | G2: Booster B used | H2: Booster C used | I2: %_used_booster | J2: %_A_used | K2: %_B_used | L2: %_C_used | M2: Total not USED Booster | N2: Total OWNED Booster | O2: Booster A owned | P2: Booster B owned | Q2: Booster C owned | R2: Booster A owned | S2: Booster B owned | T2: Booster C owned | U2: Total Rewarded | V2: %_A_owned | W2: %_B_owned | X2: %_C_owned
A3: 1 | B3: =C3+D3+E3+F3+G3+H3 -> 0 | C3: 0 | D3: 0 | E3: 0 | F3: 0 | G3: 0 | H3: 0 | I3: =(100*B3)/N3 -> #DIV/0! | J3: =((C3+F3)*100)/B3 -> #DIV/0! | K3: =((D3+G3)*100)/B3 -> #DIV/0! | L3: =((E3+H3)*100)/B3 -> #DIV/0! | N3: =O3+P3+Q3+R3+S3+T3 -> 0 | O3: 0 | P3: 0 | Q3: 0 | R3: 0 | S3: 0 | T3: 0 | U3: 3 | V3: =((O3+R3)*100)/N3 -> #DIV/0! | W3: =((P3+S3)*100)/N3 -> #DIV/0! | X3: =((Q3+T3)*100)/N3 -> #DIV/0!
A4: 2 | B4: =C4+D4+E4+F4+G4+H4 -> 0 | C4: 0 | D4: 0 | E4: 0 | F4: 0 | G4: 0 | H4: 0 | I4: =(100*B4)/N4 -> #DIV/0! | J4: =((C4+F4)*100)/B4 -> #DIV/0! | K4: =((D4+G4)*100)/B4 -> #DIV/0! | L4: =((E4+H4)*100)/B4 -> #DIV/0! | M4: =N4-B3 -> 0 | N4: =O4+P4+Q4+R4+S4+T4 -> 0 | O4: 0 | P4: 0 | Q4: 0 | R4: 0 | S4: 0 | T4: 0 | U4: 1 | V4: =((O4+R4)*100)/N4 -> #DIV/0! | W4: =((P4+S4)*100)/N4 -> #DIV/0! | X4: =((Q4+T4)*100)/N4 -> #DIV/0!
A5: 3 | B5: =C5+D5+E5+F5+G5+H5 -> 0 | C5: 0 | D5: 0 | E5: 0 | F5: 0 | G5: 0 | H5: 0 | I5: =(100*B5)/N5 -> #DIV/0! | J5: =((C5+F5)*100)/B5 -> #DIV/0! | K5: =((D5+G5)*100)/B5 -> #DIV/0! | L5: =((E5+H5)*100)/B5 -> #DIV/0! | M5: =N5-B4 -> 0 | N5: =O5+P5+Q5+R5+S5+T5 -> 0 | O5: 0 | P5: 0 | Q5: 0 | R5: 0 | S5: 0 | T5: 0 | U5: 3 | V5: =((O5+R5)*100)/N5 -> #DIV/0! | W5: =((P5+S5)*100)/N5 -> #DIV/0! | X5: =((Q5+T5)*100)/N5 -> #DIV/0!
A6: 4 | B6: =C6+D6+E6+F6+G6+H6 -> 0 | C6: 0 | D6: 0 | E6: 0 | F6: 0 | G6: 0 | H6: 0 | I6: =(100*B6)/N6 -> #DIV/0! | J6: =((C6+F6)*100)/B6 -> #DIV/0! | K6: =((D6+G6)*100)/B6 -> #DIV/0! | L6: =((E6+H6)*100)/B6 -> #DIV/0! | M6: =N6-B5 -> 0 | N6: =O6+P6+Q6+R6+S6+T6 -> 0 | O6: 0 | P6: 0 | Q6: 0 | R6: 0 | S6: 0 | T6: 0 | U6: 3 | V6: =((O6+R6)*100)/N6 -> #DIV/0! | W6: =((P6+S6)*100)/N6 -> #DIV/0! | X6: =((Q6+T6)*100)/N6 -> #DIV/0!
A7: 5 | B7: =C7+D7+E7+F7+G7+H7 -> 0 | C7: 0 | D7: 0 | E7: 0 | F7: 0 | G7: 0 | H7: 0 | I7: =(100*B7)/N7 -> #DIV/0! | J7: =((C7+F7)*100)/B7 -> #DIV/0! | K7: =((D7+G7)*100)/B7 -> #DIV/0! | L7: =((E7+H7)*100)/B7 -> #DIV/0! | M7: =N7-B6 -> 0 | N7: =O7+P7+Q7+R7+S7+T7 -> 0 | O7: 0 | P7: 0 | Q7: 0 | R7: 0 | S7: 0 | T7: 0 | U7: 5 | V7: =((O7+R7)*100)/N7 -> #DIV/0! | W7: =((P7+S7)*100)/N7 -> #DIV/0! | X7: =((Q7+T7)*100)/N7 -> #DIV/0!
A8: 6 | B8: =C8+D8+E8+F8+G8+H8 -> 0 | C8: 0 | D8: 0 | E8: 0 | F8: 0 | G8: 0 | H8: 0 | I8: =(100*B8)/N8 -> #DIV/0! | J8: =((C8+F8)*100)/B8 -> #DIV/0! | K8: =((D8+G8)*100)/B8 -> #DIV/0! | L8: =((E8+H8)*100)/B8 -> #DIV/0! | M8: =N8-B7 -> 0 | N8: =O8+P8+Q8+R8+S8+T8 -> 0 | O8: 0 | P8: 0 | Q8: 0 | R8: 0 | S8: 0 | T8: 0 | U8: 7 | V8: =((O8+R8)*100)/N8 -> #DIV/0! | W8: =((P8+S8)*100)/N8 -> #DIV/0! | X8: =((Q8+T8)*100)/N8 -> #DIV/0!
A9: 7 | B9: =C9+D9+E9+F9+G9+H9 -> 0 | C9: 0 | D9: 0 | E9: 0 | F9: 0 | G9: 0 | H9: 0 | I9: =(100*B9)/N9 -> #DIV/0! | J9: =((C9+F9)*100)/B9 -> #DIV/0! | K9: =((D9+G9)*100)/B9 -> #DIV/0! | L9: =((E9+H9)*100)/B9 -> #DIV/0! | M9: =N9-B8 -> 0 | N9: =O9+P9+Q9+R9+S9+T9 -> 0 | O9: 0 | P9: 0 | Q9: 0 | R9: 0 | S9: 0 | T9: 0 | U9: 3 | V9: =((O9+R9)*100)/N9 -> #DIV/0! | W9: =((P9+S9)*100)/N9 -> #DIV/0! | X9: =((Q9+T9)*100)/N9 -> #DIV/0!
A10: 8 | B10: =C10+D10+E10+F10+G10+H10 -> 4284.1304 | C10: 4283 | D10: 0 | E10: 0 | F10: 1.1303975 | G10: 0 | H10: 0 | I10: =(100*B10)/N10 -> 95.928704 | J10: =((C10+F10)*100)/B10 -> 100 | K10: =((D10+G10)*100)/B10 -> 0 | L10: =((E10+H10)*100)/B10 -> 0 | M10: =N10-B9 -> 4465.9525 | N10: =O10+P10+Q10+R10+S10+T10 -> 4465.9525 | O10: 4345 | P10: 0 | Q10: 0 | R10: 120.95253 | S10: 0 | T10: 0 | U10: 0 | V10: =((O10+R10)*100)/N10 -> 100 | W10: =((P10+S10)*100)/N10 -> 0 | X10: =((Q10+T10)*100)/N10 -> 0
A11: 9 | B11: =C11+D11+E11+F11+G11+H11 -> 98.52159 | C11: 94 | D11: 0 | E11: 0 | F11: 4.5215901 | G11: 0 | H11: 0 | I11: =(100*B11)/N11 -> 2.2220919 | J11: =((C11+F11)*100)/B11 -> 100 | K11: =((D11+G11)*100)/B11 -> 0 | L11: =((E11+H11)*100)/B11 -> 0 | M11: =N11-B10 -> 149.60109 | N11: =O11+P11+Q11+R11+S11+T11 -> 4433.7315 | O11: 4202 | P11: 0 | Q11: 0 | R11: 231.73149 | S11: 0 | T11: 0 | U11: 26 | V11: =((O11+R11)*100)/N11 -> 100 | W11: =((P11+S11)*100)/N11 -> 0 | X11: =((Q11+T11)*100)/N11 -> 0
A12: 10 | B12: =C12+D12+E12+F12+G12+H12 -> 58 | C12: 58 | D12: 0 | E12: 0 | F12: 0 | G12: 0 | H12: 0 | I12: =(100*B12)/N12 -> 1.4098808 | J12: =((C12+F12)*100)/B12 -> 100 | K12: =((D12+G12)*100)/B12 -> 0 | L12: =((E12+H12)*100)/B12 -> 0 | M12: =N12-B11 -> 4015.3014 | N12: =O12+P12+Q12+R12+S12+T12 -> 4113.823 | O12: 4020 | P12: 0 | Q12: 0 | R12: 93.822994 | S12: 0 | T12: 0 | U12: 8 | V12: =((O12+R12)*100)/N12 -> 100 | W12: =((P12+S12)*100)/N12 -> 0 | X12: =((Q12+T12)*100)/N12 -> 0
A13: 11 | B13: =C13+D13+E13+F13+G13+H13 -> 299.25908 | C13: 245 | D13: 0 | E13: 0 | F13: 54.259081 | G13: 0 | H13: 0 | I13: =(100*B13)/N13 -> 5.8276945 | J13: =((C13+F13)*100)/B13 -> 100 | K13: =((D13+G13)*100)/B13 -> 0 | L13: =((E13+H13)*100)/B13 -> 0 | M13: =N13-B12 -> 5077.1196 | N13: =O13+P13+Q13+R13+S13+T13 -> 5135.1196 | O13: 3487 | P13: 0 | Q13: 0 | R13: 1648.1196 | S13: 0 | T13: 0 | U13: 760 | V13: =((O13+R13)*100)/N13 -> 100 | W13: =((P13+S13)*100)/N13 -> 0 | X13: =((Q13+T13)*100)/N13 -> 0
A14: 12 | B14: =C14+D14+E14+F14+G14+H14 -> 3743.1304 | C14: 23 | D14: 3719 | E14: 0 | F14: 0 | G14: 1.1303975 | H14: 0 | I14: =(100*B14)/N14 -> 53.302475 | J14: =((C14+F14)*100)/B14 -> 0.61445896 | K14: =((D14+G14)*100)/B14 -> 99.385541 | L14: =((E14+H14)*100)/B14 -> 0 | M14: =N14-B13 -> 6723.1736 | N14: =O14+P14+Q14+R14+S14+T14 -> 7022.4327 | O14: 3307 | P14: 3651 | Q14: 0 | R14: 25.999143 | S14: 38.433516 | T14: 0 | U14: 479 | V14: =((O14+R14)*100)/N14 -> 47.462173 | W14: =((P14+S14)*100)/N14 -> 52.537827 | X14: =((Q14+T14)*100)/N14 -> 0
A15: 13 | B15: =C15+D15+E15+F15+G15+H15 -> 41 | C15: 9 | D15: 32 | E15: 0 | F15: 0 | G15: 0 | H15: 0 | I15: =(100*B15)/N15 -> 0.60470043 | J15: =((C15+F15)*100)/B15 -> 21.95122 | K15: =((D15+G15)*100)/B15 -> 78.04878 | L15: =((E15+H15)*100)/B15 -> 0 | M15: =N15-B14 -> 3037.0864 | N15: =O15+P15+Q15+R15+S15+T15 -> 6780.2168 | O15: 3226 | P15: 3535 | Q15: 0 | R15: 9.0431802 | S15: 10.173578 | T15: 0 | U15: 486 | V15: =((O15+R15)*100)/N15 -> 47.712976 | W15: =((P15+S15)*100)/N15 -> 52.287024 | X15: =((Q15+T15)*100)/N15 -> 0
... A202: 200 | B202: =C202+D202+E202+F202+G202+H202 -> 311.55877 | C202: 92 | D202: 11 | E202: 13 | F202: 132.25651 | G202: 35.042323 | H202: 28.259938 | I202: =(100*B202)/N202 -> 5.8726896 | J202: =((C202+F202)*100)/B202 -> 71.978879 | K202: =((D202+G202)*100)/B202 -> 14.778054 | L202: =((E202+H202)*100)/B202 -> 13.243067 | M202: =N202-B201 -> 5226.128 | N202: =O202+P202+Q202+R202+S202+T202 -> 5305.2143 | O202: 804 | P202: 349 | Q202: 102 | R202: 2702.7805 | S202: 1004.9234 | T202: 342.51045 | U202: 149 | V202: =((O202+R202)*100)/N202 -> 66.100637 | W202: =((P202+S202)*100)/N202 -> 25.520616 | X202: =((Q202+T202)*100)/N202 -> 8.3787463
A203: 201 | B203: =C203+D203+E203+F203+G203+H203 -> 0 | C203: 0 | D203: 0 | E203: 0 | F203: 0 | G203: 0 | H203: 0 | I203: =(100*B203)/N203 -> 0 | J203: =((C203+F203)*100)/B203 -> #DIV/0! | K203: =((D203+G203)*100)/B203 -> #DIV/0! | L203: =((E203+H203)*100)/B203 -> #DIV/0! | N203: =O203+P203+Q203+R203+S203+T203 -> 1283.2608 | O203: 841 | P203: 337 | Q203: 103 | R203: 2.260795 | S203: 0 | T203: 0 | U203: 79 | V203: =((O203+R203)*100)/N203 -> 65.712348 | W203: =((P203+S203)*100)/N203 -> 26.261225 | X203: =((Q203+T203)*100)/N203 -> 8.0264277
A204: 202 | B204: =C204+D204+E204+F204+G204+H204 -> 7 | C204: 7 | D204: 0 | E204: 0 | F204: 0 | G204: 0 | H204: 0 | I204: =(100*B204)/N204 -> 0.54415795 | J204: =((C204+F204)*100)/B204 -> 100 | K204: =((D204+G204)*100)/B204 -> 0 | L204: =((E204+H204)*100)/B204 -> 0 | N204: =O204+P204+Q204+R204+S204+T204 -> 1286.3912 | O204: 844 | P204: 338 | Q204: 101 | R204: 0 | S204: 1.1303975 | T204: 2.260795 | U204: 67 | V204: =((O204+R204)*100)/N204 -> 65.609902 | W204: =((P204+S204)*100)/N204 -> 26.362929 | X204: =((Q204+T204)*100)/N204 -> 8.027169
A205: 203 | B205: =C205+D205+E205+F205+G205+H205 -> 194.25737 | C205: 77 | D205: 4 | E205: 7 | F205: 93.822994 | G205: 7.9127827 | H205: 4.5215901 | I205: =(100*B205)/N205 -> 14.335732 | J205: =((C205+F205)*100)/B205 -> 87.93643 | K205: =((D205+G205)*100)/B205 -> 6.1324741 | L205: =((E205+H205)*100)/B205 -> 5.9310956 | N205: =O205+P205+Q205+R205+S205+T205 -> 1355.0572 | O205: 211 | P205: 165 | Q205: 77 | R205: 412.5951 | S205: 280.33859 | T205: 209.12354 | U205: 127 | V205: =((O205+R205)*100)/N205 -> 46.019835 | W205: =((P205+S205)*100)/N205 -> 32.864928 | X205: =((Q205+T205)*100)/N205 -> 21.115237
A206: 204 | B206: =C206+D206+E206+F206+G206+H206 -> 119.12868 | C206: 57 | D206: 3 | E206: 6 | F206: 40.694311 | G206: 5.6519876 | H206: 6.7823851 | I206: =(100*B206)/N206 -> 10.669419 | J206: =((C206+F206)*100)/B206 -> 82.007379 | K206: =((D206+G206)*100)/B206 -> 7.2627241 | L206: =((E206+H206)*100)/B206 -> 10.729897 | N206: =O206+P206+Q206+R206+S206+T206 -> 1116.5433 | O206: 206 | P206: 167 | Q206: 80 | R206: 289.38177 | S206: 233.99229 | T206: 140.16929 | U206: 103 | V206: =((O206+R206)*100)/N206 -> 44.367446 | W206: =((P206+S206)*100)/N206 -> 35.913723 | X206: =((Q206+T206)*100)/N206 -> 19.718831
A207: 205 | B207: =C207+D207+E207+F207+G207+H207 -> 18 | C207: 17 | D207: 1 | E207: 0 | F207: 0 | G207: 0 | H207: 0 | I207: =(100*B207)/N207 -> 3.6386107 | J207: =((C207+F207)*100)/B207 -> 94.444444 | K207: =((D207+G207)*100)/B207 -> 5.5555556 | L207: =((E207+H207)*100)/B207 -> 0 | N207: =O207+P207+Q207+R207+S207+T207 -> 494.69431 | O207: 204 | P207: 168 | Q207: 82 | R207: 29.390336 | S207: 7.9127827 | T207: 3.3911926 | U207: 77 | V207: =((O207+R207)*100)/N207 -> 47.178698 | W207: =((P207+S207)*100)/N207 -> 35.559896 | X207: =((Q207+T207)*100)/N207 -> 17.261406
A208: 206 | B208: =C208+D208+E208+F208+G208+H208 -> 94.955963 | C208: 70 | D208: 1 | E208: 7 | F208: 9.0431802 | G208: 3.3911926 | H208: 4.5215901 | I208: =(100*B208)/N208 -> 19.283136 | J208: =((C208+F208)*100)/B208 -> 83.241934 | K208: =((D208+G208)*100)/B208 -> 4.6244516 | L208: =((E208+H208)*100)/B208 -> 12.133614 | N208: =O208+P208+Q208+R208+S208+T208 -> 492.43009 | O208: 158 | P208: 126 | Q208: 66 | R208: 44.085503 | S208: 49.737491 | T208: 48.607093 | U208: 79 | V208: =((O208+R208)*100)/N208 -> 41.038415 | W208: =((P208+S208)*100)/N208 -> 35.687805 | X208: =((Q208+T208)*100)/N208 -> 23.27378
A209: 207 | B209: =C209+D209+E209+F209+G209+H209 -> 39.52159 | C209: 34 | D209: 0 | E209: 1 | F209: 3.3911926 | G209: 0 | H209: 1.1303975 | I209: =(100*B209)/N209 -> 5.4637746 | J209: =((C209+F209)*100)/B209 -> 94.609535 | K209: =((D209+G209)*100)/B209 -> 0 | L209: =((E209+H209)*100)/B209 -> 5.3904651 | N209: =O209+P209+Q209+R209+S209+T209 -> 723.33859 | O209: 195 | P209: 168 | Q209: 80 | R209: 143.56049 | S209: 76.867032 | T209: 59.911069 | U209: 111 | V209: =((O209+R209)*100)/N209 -> 46.805257 | W209: =((P209+S209)*100)/N209 -> 33.852339 | X209: =((Q209+T209)*100)/N209 -> 19.342404
A210: 208 | B210: =C210+D210+E210+F210+G210+H210 -> 171.04147 | C210: 94 | D210: 2 | E210: 14 | F210: 57.650274 | G210: 0 | H210: 3.3911926 | I210: =(100*B210)/N210 -> 15.401602 | J210: =((C210+F210)*100)/B210 -> 88.66287 | K210: =((D210+G210)*100)/B210 -> 1.1693071 | L210: =((E210+H210)*100)/B210 -> 10.167822 | N210: =O210+P210+Q210+R210+S210+T210 -> 1110.5433 | O210: 199 | P210: 167 | Q210: 81 | R210: 281.46898 | S210: 243.03547 | T210: 139.0389 | U210: 113 | V210: =((O210+R210)*100)/N210 -> 43.264316 | W210: =((P210+S210)*100)/N210 -> 36.922059 | X210: =((Q210+T210)*100)/N210 -> 19.813625
A211: 209 | B211: =C211+D211+E211+F211+G211+H211 -> 92.390336 | C211: 62 | D211: 0 | E211: 1 | F211: 29.390336 | G211: 0 | H211: 0 | I211: =(100*B211)/N211 -> 10.16316 | J211: =((C211+F211)*100)/B211 -> 98.917636 | K211: =((D211+G211)*100)/B211 -> 0 | L211: =((E211+H211)*100)/B211 -> 1.0823643 | N211: =O211+P211+Q211+R211+S211+T211 -> 909.07093 | O211: 176 | P211: 166 | Q211: 81 | R211: 203.47155 | S211: 153.73406 | T211: 128.86532 | U211: 102 | V211: =((O211+R211)*100)/N211 -> 41.742788 | W211: =((P211+S211)*100)/N211 -> 35.17152 | X211: =((Q211+T211)*100)/N211 -> 23.085692
A212: 210 | B212: =C212+D212+E212+F212+G212+H212 -> 461.33944 | C212: 35 | D212: 75 | E212: 97 | F212: 24.868746 | G212: 99.474982 | H212: 129.99572 | I212: =(100*B212)/N212 -> 54.340199 | J212: =((C212+F212)*100)/B212 -> 12.977157 | K212: =((D212+G212)*100)/B212 -> 37.819221 | L212: =((E212+H212)*100)/B212 -> 49.203622 | N212: =O212+P212+Q212+R212+S212+T212 -> 848.98372 | O212: 179 | P212: 125 | Q212: 51 | R212: 195.55877 | S212: 196.68917 | T212: 101.73578 | U212: 96 | V212: =((O212+R212)*100)/N212 -> 44.118487 | W212: =((P212+S212)*100)/N212 -> 37.891088 | X212: =((Q212+T212)*100)/N212 -> 17.990425
A213: 211 | B213: =C213+D213+E213+F213+G213+H213 -> 129.4767 | C213: 74 | D213: 3 | E213: 5 | F213: 42.955106 | G213: 3.3911926 | H213: 1.1303975 | I213: =(100*B213)/N213 -> 16.649066 | J213: =((C213+F213)*100)/B213 -> 90.329078 | K213: =((D213+G213)*100)/B213 -> 4.9361721 | L213: =((E213+H213)*100)/B213 -> 4.7347497 | N213: =O213+P213+Q213+R213+S213+T213 -> 777.68146 | O213: 165 | P213: 129 | Q213: 53 | R213: 229.4707 | S213: 128.86532 | T213: 72.345441 | U213: 111 | V213: =((O213+R213)*100)/N213 -> 50.723943 | W213: =((P213+S213)*100)/N213 -> 33.158219 | X213: =((Q213+T213)*100)/N213 -> 16.117839
A214: 212 | B214: =C214+D214+E214+F214+G214+H214 -> 108.82557 | C214: 70 | D214: 14 | E214: 9 | F214: 3.3911926 | G214: 9.0431802 | H214: 3.3911926 | I214: =(100*B214)/N214 -> 18.517592 | J214: =((C214+F214)*100)/B214 -> 67.439294 | K214: =((D214+G214)*100)/B214 -> 21.174418 | L214: =((E214+H214)*100)/B214 -> 11.386288 | N214: =O214+P214+Q214+R214+S214+T214 -> 587.68746 | O214: 162 | P214: 126 | Q214: 51 | R214: 102.86617 | S214: 93.822994 | T214: 51.998286 | U214: 106 | V214: =((O214+R214)*100)/N214 -> 45.069224 | W214: =((P214+S214)*100)/N214 -> 37.404745 | X214: =((Q214+T214)*100)/N214 -> 17.526031
... A402: 400 | B402: =C402+D402+E402+F402+G402+H402 -> 24.04318 | C402: 14 | D402: 0 | E402: 1 | F402: 9.0431802 | G402: 0 | H402: 0 | I402: =(100*B402)/N402 -> 8.8254496 | J402: =((C402+F402)*100)/B402 -> 95.840816 | K402: =((D402+G402)*100)/B402 -> 0 | L402: =((E402+H402)*100)/B402 -> 4.1591836 | N402: =O402+P402+Q402+R402+S402+T402 -> 272.43009 | O402: 45 | P402: 48 | Q402: 37 | R402: 46.346298 | S402: 53.128684 | T402: 42.955106 | U402: 34 | V402: =((O402+R402)*100)/N402 -> 33.53018 | W402: =((P402+S402)*100)/N402 -> 37.120967 | X402: =((Q402+T402)*100)/N402 -> 29.348853
A403: 401
A404: 402
A405: 403
A406: 404
A407: 405
A408: 406
A409: 407
A410: 408
A411: 409
A412: 410
A413: 411
A414: 412
... A1215: 1213

Sheet IOS
A1: Segment | B1: Start | C1: Complete | D1: Fail | E1: Try again | L1: Complete | M1: LevelType | N1: =SUM(N3:N302) -> 2104.56 | O1: =(N1/C3)/300 -> 0.0087471322 | Q1: =AVERAGE(Q3:Q402) -> 0.35279772 | R1: =AVERAGE(R3:R402) -> 4.8241908 | S1: =AVERAGE(S3:S402) -> 6.6800291 | T1: =AVERAGE(T13:T302) -> 0.57606934 | U1: =AVERAGE(U3:U402) -> 1421.9663 | V1: =AVERAGE(V3:V402) -> 203527.15
A2: Level | B2: Active users | C2: Active users | D2: Active users | E2: Active users | F2: Complete rate | G2: Fail Rate | H2: Drop 1 | I2: Uncomplete | J2: Drop 2 | K2: % | L2: avarage_attempt | M2: LevelType | N2: Total $ | O2: ARPU | P2: %_used_booster | Q2: avg_used_booster | R2: avg_owned_booster | S2: Avg. Thinking Time | T2: Avg.Rewarded | U2: Avg,Coin | V2: coin owned
A3: 1 | B3: 825 | C3: 802 | D3: 12 | E3: 15 | F3: =(C3*100)/B3 -> 97.212121 | G3: =(D3*100)/B3 -> 1.4545455 | H3: =((B3-B4)/B3)*100 -> 2.9090909 | I3: =((B3-C3)/B3)*100 -> 2.7878788 | J3: =((C3-B4)/C3)*100 -> 0.12468828 | K3: =100-(((C3-C4)/C3)*100) -> 97.256858 | L3: 1.0024907 | M3: Normal | N3: 6.17 | O3: =N3/C3 -> 0.0076932668 | P3: =(Boosters_IOS!B3*100)/Boosters_IOS!N3 -> #DIV/0! | Q3: =Boosters_IOS!B3/(C3+D3) -> 0 | R3: =Boosters_IOS!N3/B3 -> 0 | S3: 0.0373599 | T3: 0 | U3: 396.88279 | V3: 280300
A4: 2 | B4: 801 | C4: 780 | D4: 5 | E4: 7 | F4: =(C4*100)/B4 -> 97.378277 | G4: =(D4*100)/B4 -> 0.62421973 | H4: =((B4-B5)/B4)*100 -> 2.7465668 | I4: =((B4-C4)/B4)*100 -> 2.6217228 | J4: =((C4-B5)/C4)*100 -> 0.12820513 | K4: =100-(((C3-C5)/C3)*100) -> 95.012469 | L4: 1.0025575 | M4: Normal | N4: 2.31 | O4: =N4/C4 -> 0.0029615385 | P4: =(Boosters_IOS!B4*100)/Boosters_IOS!N4 -> #DIV/0! | Q4: =Boosters_IOS!B4/(C4+D4) -> 0 | R4: =Boosters_IOS!N4/B4 -> 0 | S4: 0.0063938619 | T4: 0 | U4: 419.07692 | V4: 295580
A5: 3 | B5: 779 | C5: 762 | D5: 6 | E5: 7 | F5: =(C5*100)/B5 -> 97.817715 | G5: =(D5*100)/B5 -> 0.77021823 | H5: =((B5-B6)/B5)*100 -> 2.3106547 | I5: =((B5-C5)/B5)*100 -> 2.182285 | J5: =((C5-B6)/C5)*100 -> 0.1312336 | K5: =100-(((C3-C6)/C3)*100) -> 93.640898 | L5: 1.0039318 | M5: Normal | N5: 2.3 | O5: =N5/C5 -> 0.0030183727 | P5: =(Boosters_IOS!B5*100)/Boosters_IOS!N5 -> #DIV/0! | Q5: =Boosters_IOS!B5/(C5+D5) -> 0 | R5: =Boosters_IOS!N5/B5 -> 0 | S5: 3.7627785 | T5: 0 | U5: 441.49606 | V5: 310880
A6: 4 | B6: 761 | C6: 751 | D6: 9 | E6: 8 | F6: =(C6*100)/B6 -> 98.68594 | G6: =(D6*100)/B6 -> 1.1826544 | H6: =((B6-B7)/B6)*100 -> 0.91984231 | I6: =((B6-C6)/B6)*100 -> 1.3140604 | J6: =((C6-B7)/C6)*100 -> -0.39946738 | K6: =100-(((C3-C7)/C3)*100) -> 92.643392 | L6: 1.0119681 | M6: Normal | N6: 0 | O6: =N6/C6 -> 0 | P6: =(Boosters_IOS!B6*100)/Boosters_IOS!N6 -> #DIV/0! | Q6: =Boosters_IOS!B6/(C6+D6) -> 0 | R6: =Boosters_IOS!N6/B6 -> 0 | S6: 4.7207447 | T6: 0 | U6: 461.65113 | V6: 330980
A7: 5 | B7: 754 | C7: 743 | D7: 11 | E7: 12 | F7: =(C7*100)/B7 -> 98.541114 | G7: =(D7*100)/B7 -> 1.4588859 | H7: =((B7-B8)/B7)*100 -> 0.53050398 | I7: =((B7-C7)/B7)*100 -> 1.4588859 | J7: =((C7-B8)/C7)*100 -> -0.94212651 | K7: =100-(((C3-C8)/C3)*100) -> 92.144638 | L7: 1.0067204 | M7: Normal | N7: 0 | O7: =N7/C7 -> 0 | P7: =(Boosters_IOS!B7*100)/Boosters_IOS!N7 -> #DIV/0! | Q7: =Boosters_IOS!B7/(C7+D7) -> 0 | R7: =Boosters_IOS!N7/B7 -> 0 | S7: 4.0846774 | T7: 0.001345895 | U7: 481.2786 | V7: 344990
A8: 6 | B8: 750 | C8: 739 | D8: 28 | E8: 28 | F8: =(C8*100)/B8 -> 98.533333 | G8: =(D8*100)/B8 -> 3.7333333 | H8: =((B8-B9)/B8)*100 -> 0.93333333 | I8: =((B8-C8)/B8)*100 -> 1.4666667 | J8: =((C8-B9)/C8)*100 -> -0.54127199 | K8: =100-(((C3-C9)/C3)*100) -> 90.399002 | L8: 1.0148649 | M8: Normal | N8: 2.25 | O8: =N8/C8 -> 0.0030446549 | P8: =(Boosters_IOS!B8*100)/Boosters_IOS!N8 -> #DIV/0! | Q8: =Boosters_IOS!B8/(C8+D8) -> 0 | R8: =Boosters_IOS!N8/B8 -> 0 | S8: 4.0027027 | T8: 0 | U8: 501.27199 | V8: 357210
A9: 7 | B9: 743 | C9: 725 | D9: 20 | E9: 19 | F9: =(C9*100)/B9 -> 97.577389 | G9: =(D9*100)/B9 -> 2.69179 | H9: =((B9-B10)/B9)*100 -> 2.0188425 | I9: =((B9-C9)/B9)*100 -> 2.422611 | J9: =((C9-B10)/C9)*100 -> -0.4137931 | K9: =100-(((C3-C10)/C3)*100) -> 89.276808 | L9: 1.0041265 | M9: Normal | N9: 1.99 | O9: =N9/C9 -> 0.0027448276 | P9: =(Boosters_IOS!B9*100)/Boosters_IOS!N9 -> #DIV/0! | Q9: =Boosters_IOS!B9/(C9+D9) -> 0 | R9: =Boosters_IOS!N9/B9 -> 0 | S9: 4.4360385 | T9: 0 | U9: 523.53103 | V9: 369730
A10: 8 | B10: 728 | C10: 716 | D10: 3 | E10: 6 | F10: =(C10*100)/B10 -> 98.351648 | G10: =(D10*100)/B10 -> 0.41208791 | H10: =((B10-B11)/B10)*100 -> 1.510989 | I10: =((B10-C10)/B10)*100 -> 1.6483516 | J10: =((C10-B11)/C10)*100 -> -0.1396648 | K10: =100-(((C3-C11)/C3)*100) -> 88.154613 | L10: 1.0027855 | M10: Normal | N10: 0 | O10: =N10/C10 -> 0 | P10: =(Boosters_IOS!B10*100)/Boosters_IOS!N10 -> 98.825453 | Q10: =Boosters_IOS!B10/(C10+D10) -> 0.99721836 | R10: =Boosters_IOS!N10/B10 -> 0.99659559 | S10: 5.045961 | T10: 0.001396648 | U10: 542.6257 | V10: 383010
A11: 9 | B11: 717 | C11: 707 | D11: 40 | E11: 43 | F11: =(C11*100)/B11 -> 98.6053 | G11: =(D11*100)/B11 -> 5.5788006 | H11: =((B11-B12)/B11)*100 -> 2.6499303 | I11: =((B11-C11)/B11)*100 -> 1.3947001 | J11: =((C11-B12)/C11)*100 -> 1.2729844 | K11: =100-(((C3-C12)/C3)*100) -> 86.907731 | L11: 1.0409027 | M11: Normal | N11: 0 | O11: =N11/C11 -> 0 | P11: =(Boosters_IOS!B11*100)/Boosters_IOS!N11 -> 2.5821367 | Q11: =Boosters_IOS!B11/(C11+D11) -> 0.025435074 | R11: =Boosters_IOS!N11/B11 -> 1.0262548 | S11: 4.0042313 | T11: 0.0042432815 | U11: 564.38472 | V11: 397250
A12: 10 | B12: 698 | C12: 697 | D12: 16 | E12: 12 | F12: =(C12*100)/B12 -> 99.856734 | G12: =(D12*100)/B12 -> 2.2922636 | H12: =((B12-B13)/B12)*100 -> 1.7191977 | I12: =((B12-C12)/B12)*100 -> 0.14326648 | J12: =((C12-B13)/C12)*100 -> 1.5781923 | K12: =100-(((C3-C13)/C3)*100) -> 80.798005 | L12: 1.0229226 | M12: Normal | N12: 0 | O12: =N12/C12 -> 0 | P12: =(Boosters_IOS!B12*100)/Boosters_IOS!N12 -> 1.8924066 | Q12: =Boosters_IOS!B12/(C12+D12) -> 0.018232819 | R12: =Boosters_IOS!N12/B12 -> 0.9841776 | S12: 2.7363897 | T12: 0.0071736011 | U12: 590.67432 | V12: 411960
A13: 11 | B13: 686 | C13: 648 | D13: 205 | E13: 144 | F13: =(C13*100)/B13 -> 94.460641 | G13: =(D13*100)/B13 -> 29.883382 | H13: =((B13-B14)/B13)*100 -> 8.1632653 | I13: =((B13-C13)/B13)*100 -> 5.5393586 | J13: =((C13-B14)/C13)*100 -> 2.7777778 | K13: =100-(((C3-C14)/C3)*100) -> 78.179551 | L13: 1.1759259 | M13: Normal | N13: 9.6 | O13: =N13/C13 -> 0.014814815 | P13: =(Boosters_IOS!B13*100)/Boosters_IOS!N13 -> 5.2573312 | Q13: =Boosters_IOS!B13/(C13+D13) -> 0.055099648 | R13: =Boosters_IOS!N13/B13 -> 1.303192 | S13: 2.8935185 | T13: 0.13734568 | U13: 862.80864 | V13: 620340
A14: 12 | B14: 630 | C14: 627 | D14: 2 | E14: 3 | F14: =(C14*100)/B14 -> 99.52381 | G14: =(D14*100)/B14 -> 0.31746032 | H14: =((B14-B15)/B14)*100 -> 2.6984127 | I14: =((B14-C14)/B14)*100 -> 0.47619048 | J14: =((C14-B15)/C14)*100 -> 2.2328549 | K14: =100-(((C3-C15)/C3)*100) -> 76.433915 | L14: 1.0063796 | M14: Normal | N14: 0 | O14: =N14/C14 -> 0 | P14: =(Boosters_IOS!B14*100)/Boosters_IOS!N14 -> 55.487116 | Q14: =Boosters_IOS!B14/(C14+D14) -> 1.0397456 | R14: =Boosters_IOS!N14/B14 -> 1.8708762 | S14: 0.0031897927 | T14: 0.12280702 | U14: 983.38118 | V14: 666200
A15: 13 | B15: 613 | C15: 613 | D15: 0 | E15: 0 | F15: =(C15*100)/B15 -> 100 | G15: =(D15*100)/B15 -> 0 | H15: =((B15-B16)/B15)*100 -> 0 | I15: =((B15-C15)/B15)*100 -> 0 | J15: =((C15-B16)/C15)*100 -> 0 | K15: =100-(((C3-C16)/C3)*100) -> 74.189526 | L15: 1 | M15: Normal | N15: 14.41 | O15: =N15/C15 -> 0.023507341 | P15: =(Boosters_IOS!B15*100)/Boosters_IOS!N15 -> 0.43975374 | Q15: =Boosters_IOS!B15/(C15+D15) -> 0.0081566069 | R15: =Boosters_IOS!N15/B15 -> 1.8548124 | S15: 4.3050571 | T15: 0.1141925 | U15: 1019.8532 | V15: 685950
A16: 14 | B16: 613 | C16: 595 | D16: 206 | E16: 131 | F16: =(C16*100)/B16 -> 97.063622 | G16: =(D16*100)/B16 -> 33.60522 | H16: =((B16-B17)/B16)*100 -> 4.5676998 | I16: =((B16-C16)/B16)*100 -> 2.9363785 | J16: =((C16-B17)/C16)*100 -> 1.6806723 | K16: =100-(((C3-C17)/C3)*100) -> 72.693267 | L16: 1.2403361 | M16: Hard | N16: 4.72 | O16: =N16/C16 -> 0.0079327731 | P16: =(Boosters_IOS!B16*100)/Boosters_IOS!N16 -> 2.4970413 | Q16: =Boosters_IOS!B16/(C16+D16) -> 0.050317073 | R16: =Boosters_IOS!N16/B16 -> 2.6330656 | S16: 2.6487395 | T16: 0.12941176 | U16: 959.78151 | V16: 646560
A17: 15 | B17: 585 | C17: 583 | D17: 19 | E17: 15 | F17: =(C17*100)/B17 -> 99.65812 | G17: =(D17*100)/B17 -> 3.2478632 | H17: =((B17-B18)/B17)*100 -> 2.0512821 | I17: =((B17-C17)/B17)*100 -> 0.34188034 | J17: =((C17-B18)/C17)*100 -> 1.7152659 | K17: =100-(((C3-C18)/C3)*100) -> 70.074813 | L17: 1.0222985 | M17: Normal | N17: 0 | O17: =N17/C17 -> 0 | P17: =(Boosters_IOS!B17*100)/Boosters_IOS!N17 -> 0.45889919 | Q17: =Boosters_IOS!B17/(C17+D17) -> 0.0083056478 | R17: =Boosters_IOS!N17/B17 -> 1.8625024 | S17: 2.9176672 | T17: 0.10120069 | U17: 983.07033 | V17: 651180
A18: 16 | B18: 573 | C18: 562 | D18: 31 | E18: 28 | F18: =(C18*100)/B18 -> 98.080279 | G18: =(D18*100)/B18 -> 5.4101222 | H18: =((B18-B19)/B18)*100 -> 2.2687609 | I18: =((B18-C18)/B18)*100 -> 1.9197208 | J18: =((C18-B19)/C18)*100 -> 0.35587189 | K18: =100-(((C3-C19)/C3)*100) -> 69.201995 | L18: 1.019573 | M18: Normal | N18: 0 | O18: =N18/C18 -> 0 | P18: =(Boosters_IOS!B18*100)/Boosters_IOS!N18 -> 33.64929 | Q18: =Boosters_IOS!B18/(C18+D18) -> 0.97360397 | R18: =Boosters_IOS!N18/B18 -> 2.9943771 | S18: 0.18505338 | T18: 0.11032028 | U18: 1027.7758 | V18: 656630
A19: 17 | B19: 560 | C19: 555 | D19: 26 | E19: 20 | F19: =(C19*100)/B19 -> 99.107143 | G19: =(D19*100)/B19 -> 4.6428571 | H19: =((B19-B20)/B19)*100 -> 1.0714286 | I19: =((B19-C19)/B19)*100 -> 0.89285714 | J19: =((C19-B20)/C19)*100 -> 0.18018018 | K19: =100-(((C3-C20)/C3)*100) -> 68.952618 | L19: 1.0288288 | M19: Normal | N19: 0 | O19: =N19/C19 -> 0 | P19: =(Boosters_IOS!B19*100)/Boosters_IOS!N19 -> 0.43309322 | Q19: =Boosters_IOS!B19/(C19+D19) -> 0.012272629 | R19: =Boosters_IOS!N19/B19 -> 2.9399797 | S19: 3.9621622 | T19: 0.1045045 | U19: 1061.4775 | V19: 668830
A20: 18 | B20: 554 | C20: 553 | D20: 2 | E20: 4 | F20: =(C20*100)/B20 -> 99.819495 | G20: =(D20*100)/B20 -> 0.36101083 | H20: =((B20-B21)/B20)*100 -> 1.0830325 | I20: =((B20-C20)/B20)*100 -> 0.18050542 | J20: =((C20-B21)/C20)*100 -> 0.90415913 | K20: =100-(((C3-C21)/C3)*100) -> 67.830424 | L20: 1.0126582 | M20: Normal | N20: 0 | O20: =N20/C20 -> 0 | P20: =(Boosters_IOS!B20*100)/Boosters_IOS!N20 -> 0.25368117 | Q20: =Boosters_IOS!B20/(C20+D20) -> 0.0072072072 | R20: =Boosters_IOS!N20/B20 -> 2.8461776 | S20: 3.2622061 | T20: 0.11030741 | U20: 1097.2061 | V20: 681970
A21: 19 | B21: 548 | C21: 544 | D21: 5 | E21: 4 | F21: =(C21*100)/B21 -> 99.270073 | G21: =(D21*100)/B21 -> 0.91240876 | H21: =((B21-B22)/B21)*100 -> 2.3722628 | I21: =((B21-C21)/B21)*100 -> 0.72992701 | J21: =((C21-B22)/C21)*100 -> 1.6544118 | K21: =100-(((C3-C22)/C3)*100) -> 65.586035 | L21: 1.0091912 | M21: Normal | N21: 3.07 | O21: =N21/C21 -> 0.0056433824 | P21: =(Boosters_IOS!B21*100)/Boosters_IOS!N21 -> 0.38723809 | Q21: =Boosters_IOS!B21/(C21+D21) -> 0.010928962 | R21: =Boosters_IOS!N21/B21 -> 2.827435 | S21: 2.9007353 | T21: 0.20220588 | U21: 1131.5165 | V21: 713850
A22: 20 | B22: 535 | C22: 526 | D22: 43 | E22: 27 | F22: =(C22*100)/B22 -> 98.317757 | G22: =(D22*100)/B22 -> 8.0373832 | H22: =((B22-B23)/B22)*100 -> 1.8691589 | I22: =((B22-C22)/B22)*100 -> 1.682243 | J22: =((C22-B23)/C22)*100 -> 0.19011407 | K22: =100-(((C3-C23)/C3)*100) -> 64.713217 | L22: 1.0285171 | M22: Normal | N22: 17.17 | O22: =N22/C22 -> 0.032642586 | P22: =(Boosters_IOS!B22*100)/Boosters_IOS!N22 -> 5.5247967 | Q22: =Boosters_IOS!B22/(C22+D22) -> 0.15106496 | R22: =Boosters_IOS!N22/B22 -> 2.9080772 | S22: 3.8802281 | T22: 0.14448669 | U22: 1137.6521 | V22: 712820
A23: 21 | B23: 525 | C23: 519 | D23: 11 | E23: 9 | F23: =(C23*100)/B23 -> 98.857143 | G23: =(D23*100)/B23 -> 2.0952381 | H23: =((B23-B24)/B23)*100 -> 3.2380952 | I23: =((B23-C23)/B23)*100 -> 1.1428571 | J23: =((C23-B24)/C23)*100 -> 2.1194605 | K23: =100-(((C3-C24)/C3)*100) -> 63.341646 | L23: 1.0134875 | M23: Normal | N23: 4.6 | O23: =N23/C23 -> 0.0088631985 | P23: =(Boosters_IOS!B23*100)/Boosters_IOS!N23 -> 1.3105423 | Q23: =Boosters_IOS!B23/(C23+D23) -> 0.035849057 | R23: =Boosters_IOS!N23/B23 -> 2.7614886 | S23: 3.0789981 | T23: 0.31791908 | U23: 1249.9904 | V23: 761350
A24: 22 | B24: 508 | C24: 508 | D24: 6 | E24: 6 | F24: =(C24*100)/B24 -> 100 | G24: =(D24*100)/B24 -> 1.1811024 | H24: =((B24-B25)/B24)*100 -> 2.3622047 | I24: =((B24-C24)/B24)*100 -> 0 | J24: =((C24-B25)/C24)*100 -> 2.3622047 | K24: =100-(((C3-C25)/C3)*100) -> 59.850374 | L24: 1.0098425 | M24: Normal | N24: 0.94 | O24: =N24/C24 -> 0.0018503937 | P24: =(Boosters_IOS!B24*100)/Boosters_IOS!N24 -> 0.2818974 | Q24: =Boosters_IOS!B24/(C24+D24) -> 0.0077821012 | R24: =Boosters_IOS!N24/B24 -> 2.7932204 | S24: 2.8976378 | T24: 0.13976378 | U24: 1293.6024 | V24: 770940
A25: 23 | B25: 496 | C25: 480 | D25: 95 | E25: 70 | F25: =(C25*100)/B25 -> 96.774194 | G25: =(D25*100)/B25 -> 19.153226 | H25: =((B25-B26)/B25)*100 -> 4.233871 | I25: =((B25-C25)/B25)*100 -> 3.2258065 | J25: =((C25-B26)/C25)*100 -> 1.0416667 | K25: =100-(((C3-C26)/C3)*100) -> 58.72818 | L25: 1.1666667 | M25: Hard | N25: 2.21 | O25: =N25/C25 -> 0.0046041667 | P25: =(Boosters_IOS!B25*100)/Boosters_IOS!N25 -> 16.077708 | Q25: =Boosters_IOS!B25/(C25+D25) -> 0.45368477 | R25: =Boosters_IOS!N25/B25 -> 3.2712688 | S25: 5.0166667 | T25: 0.14166667 | U25: 1263.5312 | V25: 744710
A26: 24 | B26: 475 | C26: 471 | D26: 54 | E26: 35 | F26: =(C26*100)/B26 -> 99.157895 | G26: =(D26*100)/B26 -> 11.368421 | H26: =((B26-B27)/B26)*100 -> 3.3684211 | I26: =((B26-C26)/B26)*100 -> 0.84210526 | J26: =((C26-B27)/C26)*100 -> 2.5477707 | K26: =100-(((C3-C27)/C3)*100) -> 57.107232 | L26: 1.0488323 | M26: Normal | N26: 1.99 | O26: =N26/C26 -> 0.0042250531 | P26: =(Boosters_IOS!B26*100)/Boosters_IOS!N26 -> 11.712984 | Q26: =Boosters_IOS!B26/(C26+D26) -> 0.26591991 | R26: =Boosters_IOS!N26/B26 -> 2.5092792 | S26: 2.9915074 | T26: 0.17197452 | U26: 1342.2187 | V26: 764700
A27: 25 | B27: 459 | C27: 458 | D27: 2 | E27: 2 | F27: =(C27*100)/B27 -> 99.782135 | G27: =(D27*100)/B27 -> 0.43572985 | H27: =((B27-B28)/B27)*100 -> 0.21786492 | I27: =((B27-C27)/B27)*100 -> 0.21786492 | J27: =((C27-B28)/C27)*100 -> 0 | K27: =100-(((C3-C28)/C3)*100) -> 57.107232 | L27: 1.0065502 | M27: Normal | N27: 0 | O27: =N27/C27 -> 0 | P27: =(Boosters_IOS!B27*100)/Boosters_IOS!N27 -> 0.099524038 | Q27: =Boosters_IOS!B27/(C27+D27) -> 0.002173913 | R27: =Boosters_IOS!N27/B27 -> 2.1890684 | S27: 5.3165939 | T27: 0.11135371 | U27: 1368.3515 | V27: 773730
A28: 26 | B28: 458 | C28: 458 | D28: 0 | E28: 0 | F28: =(C28*100)/B28 -> 100 | G28: =(D28*100)/B28 -> 0 | H28: =((B28-B29)/B28)*100 -> 0.65502183 | I28: =((B28-C28)/B28)*100 -> 0 | J28: =((C28-B29)/C28)*100 -> 0.65502183 | K28: =100-(((C3-C29)/C3)*100) -> 55.735661 | L28: 1.0087336 | M28: Normal | N28: 0 | O28: =N28/C28 -> 0 | P28: =(Boosters_IOS!B28*100)/Boosters_IOS!N28 -> 0 | Q28: =Boosters_IOS!B28/(C28+D28) -> 0 | R28: =Boosters_IOS!N28/B28 -> 2.1812227 | S28: 2.0021834 | T28: 0.11790393 | U28: 1399.345 | V28: 786390
A29: 27 | B29: 455 | C29: 447 | D29: 114 | E29: 77 | F29: =(C29*100)/B29 -> 98.241758 | G29: =(D29*100)/B29 -> 25.054945 | H29: =((B29-B30)/B29)*100 -> 2.6373626 | I29: =((B29-C29)/B29)*100 -> 1.7582418 | J29: =((C29-B30)/C29)*100 -> 0.89485459 | K29: =100-(((C3-C30)/C3)*100) -> 55.361596 | L29: 1.1941964 | M29: Normal | N29: 5.01 | O29: =N29/C29 -> 0.011208054 | P29: =(Boosters_IOS!B29*100)/Boosters_IOS!N29 -> 0.63981615 | Q29: =Boosters_IOS!B29/(C29+D29) -> 0.014725125 | R29: =Boosters_IOS!N29/B29 -> 2.8376266 | S29: 2.3370536 | T29: 0.13199105 | U29: 1360.5593 | V29: 734560
A30: 28 | B30: 443 | C30: 444 | D30: 3 | E30: 3 | F30: =(C30*100)/B30 -> 100.22573 | G30: =(D30*100)/B30 -> 0.6772009 | H30: =((B30-B31)/B30)*100 -> -0.90293454 | I30: =((B30-C30)/B30)*100 -> -0.22573363 | J30: =((C30-B31)/C30)*100 -> -0.67567568 | K30: =100-(((C3-C31)/C3)*100) -> 55.610973 | L30: 1.009009 | M30: Normal | N30: 0 | O30: =N30/C30 -> 0 | P30: =(Boosters_IOS!B30*100)/Boosters_IOS!N30 -> 0.10158117 | Q30: =Boosters_IOS!B30/(C30+D30) -> 0.0022371365 | R30: =Boosters_IOS!N30/B30 -> 2.2221995 | S30: 2.4459459 | T30: 0.094594595 | U30: 1404.6396 | V30: 745250
A31: 29 | B31: 447 | C31: 446 | D31: 14 | E31: 9 | F31: =(C31*100)/B31 -> 99.776286 | G31: =(D31*100)/B31 -> 3.1319911 | H31: =((B31-B32)/B31)*100 -> 1.1185682 | I31: =((B31-C31)/B31)*100 -> 0.22371365 | J31: =((C31-B32)/C31)*100 -> 0.89686099 | K31: =100-(((C3-C32)/C3)*100) -> 54.862843 | L31: 1.029148 | M31: Normal | N31: 0.99 | O31: =N31/C31 -> 0.0022197309 | P31: =(Boosters_IOS!B31*100)/Boosters_IOS!N31 -> 0.097926627 | Q31: =Boosters_IOS!B31/(C31+D31) -> 0.002173913 | R31: =Boosters_IOS!N31/B31 -> 2.2845027 | S31: 3.4798206 | T31: 0.11434978 | U31: 1435.7063 | V31: 746090
A32: 30 | B32: 442 | C32: 440 | D32: 35 | E32: 23 | F32: =(C32*100)/B32 -> 99.547511 | G32: =(D32*100)/B32 -> 7.918552 | H32: =((B32-B33)/B32)*100 -> 0 | I32: =((B32-C32)/B32)*100 -> 0.45248869 | J32: =((C32-B33)/C32)*100 -> -0.45454545 | K32: =100-(((C3-C33)/C3)*100) -> 52.618454 | L32: 1.0477273 | M32: Normal | N32: 0 | O32: =N32/C32 -> 0 | P32: =(Boosters_IOS!B32*100)/Boosters_IOS!N32 -> 0.090451788 | Q32: =Boosters_IOS!B32/(C32+D32) -> 0.0021052632 | R32: =Boosters_IOS!N32/B32 -> 2.50127 | S32: 3.3272727 | T32: 0.1 | U32: 1458.2386 | V32: 753300
A33: 31 | B33: 442 | C33: 422 | D33: 162 | E33: 99 | F33: =(C33*100)/B33 -> 95.475113 | G33: =(D33*100)/B33 -> 36.651584 | H33: =((B33-B34)/B33)*100 -> 4.9773756 | I33: =((B33-C33)/B33)*100 -> 4.5248869 | J33: =((C33-B34)/C33)*100 -> 0.47393365 | K33: =100-(((C3-C34)/C3)*100) -> 51.496259 | L33: 1.2198582 | M33: Normal | N33: 0 | O33: =N33/C33 -> 0 | P33: =(Boosters_IOS!B33*100)/Boosters_IOS!N33 -> 0.3600552 | Q33: =Boosters_IOS!B33/(C33+D33) -> 0.010497256 | R33: =Boosters_IOS!N33/B33 -> 3.8520976 | S33: 3.3026005 | T33: 0.13981043 | U33: 1350.3081 | V33: 665840
A34: 32 | B34: 420 | C34: 413 | D34: 63 | E34: 49 | F34: =(C34*100)/B34 -> 98.333333 | G34: =(D34*100)/B34 -> 15 | H34: =((B34-B35)/B34)*100 -> -1.6666667 | I34: =((B34-C34)/B34)*100 -> 1.6666667 | J34: =((C34-B35)/C34)*100 -> -3.3898305 | K34: =100-(((C3-C35)/C3)*100) -> 52.618454 | L34: 1.0895884 | M34: Normal | N34: 0 | O34: =N34/C34 -> 0 | P34: =(Boosters_IOS!B34*100)/Boosters_IOS!N34 -> 2.0178769 | Q34: =Boosters_IOS!B34/(C34+D34) -> 0.046218487 | R34: =Boosters_IOS!N34/B34 -> 2.5958448 | S34: 4.1791768 | T34: 0.12590799 | U34: 1388.5593 | V34: 653035
A35: 33 | B35: 427 | C35: 422 | D35: 58 | E35: 43 | F35: =(C35*100)/B35 -> 98.82904 | G35: =(D35*100)/B35 -> 13.583138 | H35: =((B35-B36)/B35)*100 -> 0.46838407 | I35: =((B35-C35)/B35)*100 -> 1.1709602 | J35: =((C35-B36)/C35)*100 -> -0.71090047 | K35: =100-(((C3-C36)/C3)*100) -> 52.992519 | L35: 1.0758294 | M35: Normal | N35: 9.4 | O35: =N35/C35 -> 0.022274882 | P35: =(Boosters_IOS!B35*100)/Boosters_IOS!N35 -> 0.26347083 | Q35: =Boosters_IOS!B35/(C35+D35) -> 0.00625 | R35: =Boosters_IOS!N35/B35 -> 2.6666182 | S35: 3.2345972 | T35: 0.11848341 | U35: 1372.2393 | V35: 639730
A36: 34 | B36: 425 | C36: 425 | D36: 12 | E36: 10 | F36: =(C36*100)/B36 -> 100 | G36: =(D36*100)/B36 -> 2.8235294 | H36: =((B36-B37)/B36)*100 -> 0 | I36: =((B36-C36)/B36)*100 -> 0 | J36: =((C36-B37)/C36)*100 -> 0 | K36: =100-(((C3-C37)/C3)*100) -> 52.119701 | L36: 1.0258824 | M36: Normal | N36: 0.99 | O36: =N36/C36 -> 0.0023294118 | P36: =(Boosters_IOS!B36*100)/Boosters_IOS!N36 -> 0.19913433 | Q36: =Boosters_IOS!B36/(C36+D36) -> 0.004576659 | R36: =Boosters_IOS!N36/B36 -> 2.3631698 | S36: 3.0564706 | T36: 0.12470588 | U36: 1422.2471 | V36: 645380
A37: 35 | B37: 425 | C37: 418 | D37: 89 | E37: 50 | F37: =(C37*100)/B37 -> 98.352941 | G37: =(D37*100)/B37 -> 20.941176 | H37: =((B37-B38)/B37)*100 -> 4.2352941 | I37: =((B37-C37)/B37)*100 -> 1.6470588 | J37: =((C37-B38)/C37)*100 -> 2.6315789 | K37: =100-(((C3-C38)/C3)*100) -> 50.623441 | L37: 1.1076555 | M37: Normal | N37: 0 | O37: =N37/C37 -> 0 | P37: =(Boosters_IOS!B37*100)/Boosters_IOS!N37 -> 0.58112648 | Q37: =Boosters_IOS!B37/(C37+D37) -> 0.013806706 | R37: =Boosters_IOS!N37/B37 -> 2.8342519 | S37: 3.9736842 | T37: 0.14354067 | U37: 1377.4641 | V37: 614495
A38: 36 | B38: 407 | C38: 406 | D38: 0 | E38: 0 | F38: =(C38*100)/B38 -> 99.7543 | G38: =(D38*100)/B38 -> 0 | H38: =((B38-B39)/B38)*100 -> 1.4742015 | I38: =((B38-C38)/B38)*100 -> 0.24570025 | J38: =((C38-B39)/C38)*100 -> 1.2315271 | K38: =100-(((C3-C39)/C3)*100) -> 50 | L38: 1.0147783 | M38: Normal | N38: 0 | O38: =N38/C38 -> 0 | P38: =(Boosters_IOS!B38*100)/Boosters_IOS!N38 -> 0.10672359 | Q38: =Boosters_IOS!B38/(C38+D38) -> 0.0024630542 | R38: =Boosters_IOS!N38/B38 -> 2.3022113 | S38: 5.6502463 | T38: 0.12807882 | U38: 1422.1921 | V38: 633570
A39: 37 | B39: 401 | C39: 401 | D39: 1 | E39: 1 | F39: =(C39*100)/B39 -> 100 | G39: =(D39*100)/B39 -> 0.24937656 | H39: =((B39-B40)/B39)*100 -> 0.49875312 | I39: =((B39-C39)/B39)*100 -> 0 | J39: =((C39-B40)/C39)*100 -> 0.49875312 | K39: =100-(((C3-C40)/C3)*100) -> 49.625935 | L39: 1.0074627 | M39: Normal | N39: 1.93 | O39: =N39/C39 -> 0.0048129676 | P39: =(Boosters_IOS!B39*100)/Boosters_IOS!N39 -> 0.10764263 | Q39: =Boosters_IOS!B39/(C39+D39) -> 0.0024875622 | R39: =Boosters_IOS!N39/B39 -> 2.3167082 | S39: 2.7860697 | T39: 0.10723192 | U39: 1446.8828 | V39: 640875
A40: 38 | B40: 399 | C40: 398 | D40: 2 | E40: 3 | F40: =(C40*100)/B40 -> 99.749373 | G40: =(D40*100)/B40 -> 0.50125313 | H40: =((B40-B41)/B40)*100 -> -5.2631579 | I40: =((B40-C40)/B40)*100 -> 0.25062657 | J40: =((C40-B41)/C40)*100 -> -5.5276382 | K40: =100-(((C3-C41)/C3)*100) -> 47.755611 | L40: 1.0251256 | M40: Normal | N40: 0 | O40: =N40/C40 -> 0 | P40: =(Boosters_IOS!B40*100)/Boosters_IOS!N40 -> 0.21124178 | Q40: =Boosters_IOS!B40/(C40+D40) -> 0.005 | R40: =Boosters_IOS!N40/B40 -> 2.3728882 | S40: 5.2386935 | T40: 0.11306533 | U40: 1515.4397 | V40: 656415
A41: 39 | B41: 420 | C41: 383 | D41: 245 | E41: 166 | F41: =(C41*100)/B41 -> 91.190476 | G41: =(D41*100)/B41 -> 58.333333 | H41: =((B41-B42)/B41)*100 -> -3.5714286 | I41: =((B41-C41)/B41)*100 -> 8.8095238 | J41: =((C41-B42)/C41)*100 -> -13.577023 | K41: =100-(((C3-C42)/C3)*100) -> 46.134663 | L41: 1.6527415 | M41: Very Hard | N41: 18.81 | O41: =N41/C41 -> 0.049112272 | P41: =(Boosters_IOS!B41*100)/Boosters_IOS!N41 -> 3.5343858 | Q41: =Boosters_IOS!B41/(C41+D41) -> 0.14441633 | R41: =Boosters_IOS!N41/B41 -> 6.1095988 | S41: 4.7832898 | T41: 0.22715405 | U41: 1267.9896 | V41: 552250
A42: 40 | B42: 435 | C42: 370 | D42: 361 | E42: 233 | F42: =(C42*100)/B42 -> 85.057471 | G42: =(D42*100)/B42 -> 82.988506 | H42: =((B42-B43)/B42)*100 -> 16.551724 | I42: =((B42-C42)/B42)*100 -> 14.942529 | J42: =((C42-B43)/C42)*100 -> 1.8918919 | K42: =100-(((C3-C43)/C3)*100) -> 45.261845 | L42: 1.9081081 | M42: Hard | N42: 38.56 | O42: =N42/C42 -> 0.10421622 | P42: =(Boosters_IOS!B42*100)/Boosters_IOS!N42 -> 18.747401 | Q42: =Boosters_IOS!B42/(C42+D42) -> 0.68517241 | R42: =Boosters_IOS!N42/B42 -> 6.1416763 | S42: 5.5405405 | T42: 0.42972973 | U42: 895.35135 | V42: 377915
A43: 41 | B43: 363 | C43: 363 | D43: 7 | E43: 7 | F43: =(C43*100)/B43 -> 100 | G43: =(D43*100)/B43 -> 1.9283747 | H43: =((B43-B44)/B43)*100 -> -7.1625344 | I43: =((B43-C43)/B43)*100 -> 0 | J43: =((C43-B44)/C43)*100 -> -7.1625344 | K43: =100-(((C3-C44)/C3)*100) -> 42.643392 | L43: 1.0220386 | M43: Normal | N43: 0 | O43: =N43/C43 -> 0 | P43: =(Boosters_IOS!B43*100)/Boosters_IOS!N43 -> 1.5276862 | Q43: =Boosters_IOS!B43/(C43+D43) -> 0.02972973 | R43: =Boosters_IOS!N43/B43 -> 1.98359 | S43: 3.3939394 | T43: 0.19283747 | U43: 957.20386 | V43: 404540
A44: 42 | B44: 389 | C44: 342 | D44: 278 | E44: 223 | F44: =(C44*100)/B44 -> 87.917738 | G44: =(D44*100)/B44 -> 71.465296 | H44: =((B44-B45)/B44)*100 -> 11.053985 | I44: =((B44-C44)/B44)*100 -> 12.082262 | J44: =((C44-B45)/C44)*100 -> -1.1695906 | K44: =100-(((C3-C45)/C3)*100) -> 42.394015 | L44: 2.3508772 | M44: Very Hard | N44: 21.25 | O44: =N44/C44 -> 0.062134503 | P44: =(Boosters_IOS!B44*100)/Boosters_IOS!N44 -> 11.570645 | Q44: =Boosters_IOS!B44/(C44+D44) -> 0.36640623 | R44: =Boosters_IOS!N44/B44 -> 5.0471636 | S44: 5.1520468 | T44: 0.3245614 | U44: 779.29825 | V44: 314385
A45: 43 | B45: 346 | C45: 340 | D45: 34 | E45: 29 | F45: =(C45*100)/B45 -> 98.265896 | G45: =(D45*100)/B45 -> 9.8265896 | H45: =((B45-B46)/B45)*100 -> 0.86705202 | I45: =((B45-C45)/B45)*100 -> 1.734104 | J45: =((C45-B46)/C45)*100 -> -0.88235294 | K45: =100-(((C3-C46)/C3)*100) -> 42.643392 | L45: 1.0705882 | M45: Normal | N45: 3.61 | O45: =N45/C45 -> 0.010617647 | P45: =(Boosters_IOS!B45*100)/Boosters_IOS!N45 -> 5.864296 | Q45: =Boosters_IOS!B45/(C45+D45) -> 0.10427807 | R45: =Boosters_IOS!N45/B45 -> 1.9220852 | S45: 4.3647059 | T45: 0.24705882 | U45: 802.32353 | V45: 318580
A46: 44 | B46: 343 | C46: 342 | D46: 1 | E46: 3 | F46: =(C46*100)/B46 -> 99.708455 | G46: =(D46*100)/B46 -> 0.29154519 | H46: =((B46-B47)/B46)*100 -> 0.58309038 | I46: =((B46-C46)/B46)*100 -> 0.29154519 | J46: =((C46-B47)/C46)*100 -> 0.29239766 | K46: =100-(((C3-C47)/C3)*100) -> 42.518703 | L46: 1.0233918 | M46: Hard | N46: 0 | O46: =N46/C46 -> 0 | P46: =(Boosters_IOS!B46*100)/Boosters_IOS!N46 -> 0 | Q46: =Boosters_IOS!B46/(C46+D46) -> 0 | R46: =Boosters_IOS!N46/B46 -> 1.8258332 | S46: 6.002924 | T46: 0.19298246 | U46: 863.78655 | V46: 337750
A47: 45 | B47: 341 | C47: 341 | D47: 1 | E47: 1 | F47: =(C47*100)/B47 -> 100 | G47: =(D47*100)/B47 -> 0.29325513 | H47: =((B47-B48)/B47)*100 -> 0 | I47: =((B47-C47)/B47)*100 -> 0 | J47: =((C47-B48)/C47)*100 -> 0 | K47: =100-(((C3-C48)/C3)*100) -> 42.394015 | L47: 1.0234604 | M47: Normal | N47: 9.99 | O47: =N47/C47 -> 0.029296188 | P47: =(Boosters_IOS!B47*100)/Boosters_IOS!N47 -> 0 | Q47: =Boosters_IOS!B47/(C47+D47) -> 0 | R47: =Boosters_IOS!N47/B47 -> 1.901058 | S47: 3.3812317 | T47: 0.16715543 | U47: 911.53959 | V47: 350810
A48: 46 | B48: 341 | C48: 340 | D48: 2 | E48: 1 | F48: =(C48*100)/B48 -> 99.706745 | G48: =(D48*100)/B48 -> 0.58651026 | H48: =((B48-B49)/B48)*100 -> 0.58651026 | I48: =((B48-C48)/B48)*100 -> 0.29325513 | J48: =((C48-B49)/C48)*100 -> 0.29411765 | K48: =100-(((C3-C49)/C3)*100) -> 42.269327 | L48: 1.0235294 | M48: Normal | N48: 0 | O48: =N48/C48 -> 0 | P48: =(Boosters_IOS!B48*100)/Boosters_IOS!N48 -> 0 | Q48: =Boosters_IOS!B48/(C48+D48) -> 0 | R48: =Boosters_IOS!N48/B48 -> 1.9659566 | S48: 4.6911765 | T48: 0.15588235 | U48: 981.5 | V48: 361995
A49: 47 | B49: 339 | C49: 339 | D49: 0 | E49: 0 | F49: =(C49*100)/B49 -> 100 | G49: =(D49*100)/B49 -> 0 | H49: =((B49-B50)/B49)*100 -> -0.5899705 | I49: =((B49-C49)/B49)*100 -> 0 | J49: =((C49-B50)/C49)*100 -> -0.5899705 | K49: =100-(((C3-C50)/C3)*100) -> 41.895262 | L49: 1.0088496 | M49: Normal | N49: 0.99 | O49: =N49/C49 -> 0.002920354 | P49: =(Boosters_IOS!B49*100)/Boosters_IOS!N49 -> 0 | Q49: =Boosters_IOS!B49/(C49+D49) -> 0 | R49: =Boosters_IOS!N49/B49 -> 1.9498525 | S49: 3.339233 | T49: 0.16224189 | U49: 1017.0944 | V49: 376540
A50: 48 | B50: 341 | C50: 336 | D50: 60 | E50: 42 | F50: =(C50*100)/B50 -> 98.533724 | G50: =(D50*100)/B50 -> 17.595308 | H50: =((B50-B51)/B50)*100 -> -0.8797654 | I50: =((B50-C50)/B50)*100 -> 1.4662757 | J50: =((C50-B51)/C50)*100 -> -2.3809524 | K50: =100-(((C3-C51)/C3)*100) -> 40.399002 | L50: 1.110119 | M50: Normal | N50: 4.99 | O50: =N50/C50 -> 0.01485119 | P50: =(Boosters_IOS!B50*100)/Boosters_IOS!N50 -> 0.48477438 | Q50: =Boosters_IOS!B50/(C50+D50) -> 0.01010101 | R50: =Boosters_IOS!N50/B50 -> 2.4197247 | S50: 3.7916667 | T50: 0.18452381 | U50: 1027.0536 | V50: 366680
A51: 49 | B51: 344 | C51: 324 | D51: 207 | E51: 138 | F51: =(C51*100)/B51 -> 94.186047 | G51: =(D51*100)/B51 -> 60.174419 | H51: =((B51-B52)/B51)*100 -> -2.0348837 | I51: =((B51-C51)/B51)*100 -> 5.8139535 | J51: =((C51-B52)/C51)*100 -> -8.3333333 | K51: =100-(((C3-C52)/C3)*100) -> 41.147132 | L51: 1.5401235 | M51: Hard | N51: 14.03 | O51: =N51/C51 -> 0.043302469 | P51: =(Boosters_IOS!B51*100)/Boosters_IOS!N51 -> 2.7062014 | Q51: =Boosters_IOS!B51/(C51+D51) -> 0.08400744 | R51: =Boosters_IOS!N51/B51 -> 4.7917452 | S51: 7.6111111 | T51: 0.35185185 | U51: 864.89198 | V51: 284975
A52: 50 | B52: 351 | C52: 330 | D52: 200 | E52: 134 | F52: =(C52*100)/B52 -> 94.017094 | G52: =(D52*100)/B52 -> 56.980057 | H52: =((B52-B53)/B52)*100 -> 0 | I52: =((B52-C52)/B52)*100 -> 5.982906 | J52: =((C52-B53)/C52)*100 -> -6.3636364 | K52: =100-(((C3-C53)/C3)*100) -> 39.027431 | L52: 1.4424242 | M52: Normal | N52: 9.98 | O52: =N52/C52 -> 0.030242424 | P52: =(Boosters_IOS!B52*100)/Boosters_IOS!N52 -> 7.4531523 | Q52: =Boosters_IOS!B52/(C52+D52) -> 0.21017044 | R52: =Boosters_IOS!N52/B52 -> 4.2579485 | S52: 5.1545455 | T52: 0.33333333 | U52: 774.16667 | V52: 245610
A53: 51 | B53: 351 | C53: 313 | D53: 201 | E53: 170 | F53: =(C53*100)/B53 -> 89.173789 | G53: =(D53*100)/B53 -> 57.264957 | H53: =((B53-B54)/B53)*100 -> 10.25641 | I53: =((B53-C53)/B53)*100 -> 10.826211 | J53: =((C53-B54)/C53)*100 -> -0.63897764 | K53: =100-(((C3-C54)/C3)*100) -> 37.905237 | L53: 1.6421725 | M53: Very Hard | N53: 63.85 | O53: =N53/C53 -> 0.20399361 | P53: =(Boosters_IOS!B53*100)/Boosters_IOS!N53 -> 20.397253 | Q53: =Boosters_IOS!B53/(C53+D53) -> 0.70993871 | R53: =Boosters_IOS!N53/B53 -> 5.096889 | S53: 5.2428115 | T53: 0.46325879 | U53: 786.13419 | V53: 226625
A54: 52 | B54: 315 | C54: 304 | D54: 80 | E54: 64 | F54: =(C54*100)/B54 -> 96.507937 | G54: =(D54*100)/B54 -> 25.396825 | H54: =((B54-B55)/B54)*100 -> 4.1269841 | I54: =((B54-C54)/B54)*100 -> 3.4920635 | J54: =((C54-B55)/C54)*100 -> 0.65789474 | K54: =100-(((C3-C55)/C3)*100) -> 37.65586 | L54: 1.1875 | M54: Normal | N54: 2.64 | O54: =N54/C54 -> 0.0086842105 | P54: =(Boosters_IOS!B54*100)/Boosters_IOS!N54 -> 15.241243 | Q54: =Boosters_IOS!B54/(C54+D54) -> 0.35631658 | R54: =Boosters_IOS!N54/B54 -> 2.849944 | S54: 7.0921053 | T54: 0.29276316 | U54: 841.59539 | V54: 232085
A55: 53 | B55: 302 | C55: 302 | D55: 5 | E55: 4 | F55: =(C55*100)/B55 -> 100 | G55: =(D55*100)/B55 -> 1.6556291 | H55: =((B55-B56)/B55)*100 -> 2.3178808 | I55: =((B55-C55)/B55)*100 -> 0 | J55: =((C55-B56)/C55)*100 -> 2.3178808 | K55: =100-(((C3-C56)/C3)*100) -> 36.783042 | L55: 1.0231788 | M55: Normal | N55: 0 | O55: =N55/C55 -> 0 | P55: =(Boosters_IOS!B55*100)/Boosters_IOS!N55 -> 0 | Q55: =Boosters_IOS!B55/(C55+D55) -> 0 | R55: =Boosters_IOS!N55/B55 -> 2.4206728 | S55: 4.0463576 | T55: 0.2218543 | U55: 902.94702 | V55: 249180
A56: 54 | B56: 295 | C56: 295 | D56: 0 | E56: 0 | F56: =(C56*100)/B56 -> 100 | G56: =(D56*100)/B56 -> 0 | H56: =((B56-B57)/B56)*100 -> -18.983051 | I56: =((B56-C56)/B56)*100 -> 0 | J56: =((C56-B57)/C56)*100 -> -18.983051 | K56: =100-(((C3-C57)/C3)*100) -> 35.037406 | L56: 1.0169492 | M56: Normal | N56: 0 | O56: =N56/C56 -> 0 | P56: =(Boosters_IOS!B56*100)/Boosters_IOS!N56 -> 0.13736264 | Q56: =Boosters_IOS!B56/(C56+D56) -> 0.0033898305 | R56: =Boosters_IOS!N56/B56 -> 2.4677966 | S56: 4.2644068 | T56: 0.20338983 | U56: 952.74576 | V56: 264615
A57: 55 | B57: 351 | C57: 281 | D57: 307 | E57: 245 | F57: =(C57*100)/B57 -> 80.05698 | G57: =(D57*100)/B57 -> 87.464387 | H57: =((B57-B58)/B57)*100 -> 19.94302 | I57: =((B57-C57)/B57)*100 -> 19.94302 | J57: =((C57-B58)/C57)*100 -> 0 | K57: =100-(((C3-C58)/C3)*100) -> 35.037406 | L57: 2.8505338 | M57: Normal | N57: 39.86 | O57: =N57/C57 -> 0.14185053 | P57: =(Boosters_IOS!B57*100)/Boosters_IOS!N57 -> 7.9978998 | Q57: =Boosters_IOS!B57/(C57+D57) -> 0.46449728 | R57: =Boosters_IOS!N57/B57 -> 9.7292065 | S57: 13.768683 | T57: 0.55516014 | U57: 686.39502 | V57: 224890
A58: 56 | B58: 281 | C58: 281 | D58: 0 | E58: 0 | F58: =(C58*100)/B58 -> 100 | G58: =(D58*100)/B58 -> 0 | H58: =((B58-B59)/B58)*100 -> 0.71174377 | I58: =((B58-C58)/B58)*100 -> 0 | J58: =((C58-B59)/C58)*100 -> 0.71174377 | K58: =100-(((C3-C59)/C3)*100) -> 34.78803 | L58: 1.0177936 | M58: Normal | N58: 0 | O58: =N58/C58 -> 0 | P58: =(Boosters_IOS!B58*100)/Boosters_IOS!N58 -> 0 | Q58: =Boosters_IOS!B58/(C58+D58) -> 0 | R58: =Boosters_IOS!N58/B58 -> 2.3131673 | S58: 6.2740214 | T58: 0.28113879 | U58: 739.25979 | V58: 237935
A59: 57 | B59: 279 | C59: 279 | D59: 0 | E59: 0 | F59: =(C59*100)/B59 -> 100 | G59: =(D59*100)/B59 -> 0 | H59: =((B59-B60)/B59)*100 -> 2.1505376 | I59: =((B59-C59)/B59)*100 -> 0 | J59: =((C59-B60)/C59)*100 -> 2.1505376 | K59: =100-(((C3-C60)/C3)*100) -> 33.915212 | L59: 1.0215054 | M59: Normal | N59: 0 | O59: =N59/C59 -> 0 | P59: =(Boosters_IOS!B59*100)/Boosters_IOS!N59 -> 0.30534351 | Q59: =Boosters_IOS!B59/(C59+D59) -> 0.0071684588 | R59: =Boosters_IOS!N59/B59 -> 2.3476703 | S59: 5.1469534 | T59: 0.2688172 | U59: 777.7491 | V59: 253420
A60: 58 | B60: 273 | C60: 272 | D60: 28 | E60: 12 | F60: =(C60*100)/B60 -> 99.6337 | G60: =(D60*100)/B60 -> 10.25641 | H60: =((B60-B61)/B60)*100 -> -2.9304029 | I60: =((B60-C60)/B60)*100 -> 0.36630037 | J60: =((C60-B61)/C60)*100 -> -3.3088235 | K60: =100-(((C3-C61)/C3)*100) -> 33.915212 | L60: 1.0441176 | M60: Normal | N60: 0 | O60: =N60/C60 -> 0 | P60: =(Boosters_IOS!B60*100)/Boosters_IOS!N60 -> 0.66455019 | Q60: =Boosters_IOS!B60/(C60+D60) -> 0.016666667 | R60: =Boosters_IOS!N60/B60 -> 2.7560023 | S60: 3.7058824 | T60: 0.27573529 | U60: 800.52206 | V60: 260280
A61: 59 | B61: 281 | C61: 272 | D61: 141 | E61: 100 | F61: =(C61*100)/B61 -> 96.797153 | G61: =(D61*100)/B61 -> 50.177936 | H61: =((B61-B62)/B61)*100 -> 3.202847 | I61: =((B61-C61)/B61)*100 -> 3.202847 | J61: =((C61-B62)/C61)*100 -> 0 | K61: =100-(((C3-C62)/C3)*100) -> 33.416459 | L61: 1.4301471 | M61: Normal | N61: 2.98 | O61: =N61/C61 -> 0.010955882 | P61: =(Boosters_IOS!B61*100)/Boosters_IOS!N61 -> 12.772653 | Q61: =Boosters_IOS!B61/(C61+D61) -> 0.38919697 | R61: =Boosters_IOS!N61/B61 -> 4.4784946 | S61: 5.2316176 | T61: 0.38602941 | U61: 789.18015 | V61: 227150
A62: 60 | B62: 272 | C62: 268 | D62: 47 | E62: 24 | F62: =(C62*100)/B62 -> 98.529412 | G62: =(D62*100)/B62 -> 17.279412 | H62: =((B62-B63)/B62)*100 -> -2.5735294 | I62: =((B62-C62)/B62)*100 -> 1.4705882 | J62: =((C62-B63)/C62)*100 -> -4.1044776 | K62: =100-(((C3-C63)/C3)*100) -> 32.294264 | L62: 1.1044776 | M62: Normal | N62: 0 | O62: =N62/C62 -> 0 | P62: =(Boosters_IOS!B62*100)/Boosters_IOS!N62 -> 2.9559024 | Q62: =Boosters_IOS!B62/(C62+D62) -> 0.073429833 | R62: =Boosters_IOS!N62/B62 -> 2.8768956 | S62: 8.9552239 | T62: 0.30223881 | U62: 811.23881 | V62: 237170
A63: 61 | B63: 279 | C63: 259 | D63: 135 | E63: 94 | F63: =(C63*100)/B63 -> 92.831541 | G63: =(D63*100)/B63 -> 48.387097 | H63: =((B63-B64)/B63)*100 -> 3.9426523 | I63: =((B63-C63)/B63)*100 -> 7.1684588 | J63: =((C63-B64)/C63)*100 -> -3.4749035 | K63: =100-(((C3-C64)/C3)*100) -> 31.296758 | L63: 1.4517375 | M63: Hard | N63: 15.4 | O63: =N63/C63 -> 0.059459459 | P63: =(Boosters_IOS!B63*100)/Boosters_IOS!N63 -> 4.2414439 | Q63: =Boosters_IOS!B63/(C63+D63) -> 0.12734411 | R63: =Boosters_IOS!N63/B63 -> 4.2399149 | S63: 7.5328185 | T63: 0.36293436 | U63: 832.07336 | V63: 221700
A64: 62 | B64: 268 | C64: 251 | D64: 129 | E64: 78 | F64: =(C64*100)/B64 -> 93.656716 | G64: =(D64*100)/B64 -> 48.134328 | H64: =((B64-B65)/B64)*100 -> 6.7164179 | I64: =((B64-C64)/B64)*100 -> 6.3432836 | J64: =((C64-B65)/C64)*100 -> 0.39840637 | K64: =100-(((C3-C65)/C3)*100) -> 31.047382 | L64: 1.3426295 | M64: Very Hard | N64: 13.14 | O64: =N64/C64 -> 0.052350598 | P64: =(Boosters_IOS!B64*100)/Boosters_IOS!N64 -> 3.8679689 | Q64: =Boosters_IOS!B64/(C64+D64) -> 0.10308836 | R64: =Boosters_IOS!N64/B64 -> 3.7789876 | S64: 4.7091633 | T64: 0.38247012 | U64: 843.41434 | V64: 211503
A65: 63 | B65: 250 | C65: 249 | D65: 0 | E65: 1 | F65: =(C65*100)/B65 -> 99.6 | G65: =(D65*100)/B65 -> 0 | H65: =((B65-B66)/B65)*100 -> -3.6 | I65: =((B65-C65)/B65)*100 -> 0.4 | J65: =((C65-B66)/C65)*100 -> -4.0160643 | K65: =100-(((C3-C66)/C3)*100) -> 31.546135 | L65: 1.0200803 | M65: Normal | N65: 0 | O65: =N65/C65 -> 0 | P65: =(Boosters_IOS!B65*100)/Boosters_IOS!N65 -> 0.50590219 | Q65: =Boosters_IOS!B65/(C65+D65) -> 0.012048193 | R65: =Boosters_IOS!N65/B65 -> 2.372 | S65: 4.4457831 | T65: 0.25301205 | U65: 913.46185 | V65: 227038
A66: 64 | B66: 259 | C66: 253 | D66: 79 | E66: 53 | F66: =(C66*100)/B66 -> 97.683398 | G66: =(D66*100)/B66 -> 30.501931 | H66: =((B66-B67)/B66)*100 -> -44.787645 | I66: =((B66-C66)/B66)*100 -> 2.3166023 | J66: =((C66-B67)/C66)*100 -> -48.221344 | K66: =100-(((C3-C67)/C3)*100) -> 25.685786 | L66: 1.229249 | M66: Normal | N66: 2.49 | O66: =N66/C66 -> 0.0098418972 | P66: =(Boosters_IOS!B66*100)/Boosters_IOS!N66 -> 2.9946015 | Q66: =Boosters_IOS!B66/(C66+D66) -> 0.082503592 | R66: =Boosters_IOS!N66/B66 -> 3.5316052 | S66: 4.0158103 | T66: 0.31225296 | U66: 914.11858 | V66: 229978
A67: 65 | B67: 375 | C67: 206 | D67: 367 | E67: 315 | F67: =(C67*100)/B67 -> 54.933333 | G67: =(D67*100)/B67 -> 97.866667 | H67: =((B67-B68)/B67)*100 -> 44.533333 | I67: =((B67-C67)/B67)*100 -> 45.066667 | J67: =((C67-B68)/C67)*100 -> -0.97087379 | K67: =100-(((C3-C68)/C3)*100) -> 25.935162 | L67: 5.5728155 | M67: Normal | N67: 200.11 | O67: =N67/C67 -> 0.97140777 | P67: =(Boosters_IOS!B67*100)/Boosters_IOS!N67 -> 18.018478 | Q67: =Boosters_IOS!B67/(C67+D67) -> 1.7032755 | R67: =Boosters_IOS!N67/B67 -> 14.444089 | S67: 8.3058252 | T67: 1.2087379 | U67: 595.33981 | V67: 205718
A68: 66 | B68: 208 | C68: 208 | D68: 3 | E68: 2 | F68: =(C68*100)/B68 -> 100 | G68: =(D68*100)/B68 -> 1.4423077 | H68: =((B68-B69)/B68)*100 -> 0.48076923 | I68: =((B68-C68)/B68)*100 -> 0 | J68: =((C68-B69)/C68)*100 -> 0.48076923 | K68: =100-(((C3-C69)/C3)*100) -> 25.810474 | L68: 1.0288462 | M68: Normal | N68: 0 | O68: =N68/C68 -> 0 | P68: =(Boosters_IOS!B68*100)/Boosters_IOS!N68 -> 0 | Q68: =Boosters_IOS!B68/(C68+D68) -> 0 | R68: =Boosters_IOS!N68/B68 -> 2.5704422 | S68: 5.2115385 | T68: 0.25480769 | U68: 669.95192 | V68: 215968
A69: 67 | B69: 207 | C69: 207 | D69: 34 | E69: 27 | F69: =(C69*100)/B69 -> 100 | G69: =(D69*100)/B69 -> 16.425121 | H69: =((B69-B70)/B69)*100 -> 0 | I69: =((B69-C69)/B69)*100 -> 0 | J69: =((C69-B70)/C69)*100 -> 0 | K69: =100-(((C3-C70)/C3)*100) -> 25.187032 | L69: 1.1014493 | M69: Normal | N69: 0 | O69: =N69/C69 -> 0 | P69: =(Boosters_IOS!B69*100)/Boosters_IOS!N69 -> 6.2513713 | Q69: =Boosters_IOS!B69/(C69+D69) -> 0.15821742 | R69: =Boosters_IOS!N69/B69 -> 2.9466306 | S69: 14.028986 | T69: 0.34782609 | U69: 688.55072 | V69: 218808
A70: 68 | B70: 207 | C70: 202 | D70: 53 | E70: 35 | F70: =(C70*100)/B70 -> 97.584541 | G70: =(D70*100)/B70 -> 25.603865 | H70: =((B70-B71)/B70)*100 -> 2.4154589 | I70: =((B70-C70)/B70)*100 -> 2.4154589 | J70: =((C70-B71)/C70)*100 -> 0 | K70: =100-(((C3-C71)/C3)*100) -> 25.187032 | L70: 1.1435644 | M70: Normal | N70: 0 | O70: =N70/C70 -> 0 | P70: =(Boosters_IOS!B70*100)/Boosters_IOS!N70 -> 1.3906735 | Q70: =Boosters_IOS!B70/(C70+D70) -> 0.035294118 | R70: =Boosters_IOS!N70/B70 -> 3.1264176 | S70: 6.980198 | T70: 0.35148515 | U70: 717.07921 | V70: 218568
A71: 69 | B71: 202 | C71: 202 | D71: 41 | E71: 28 | F71: =(C71*100)/B71 -> 100 | G71: =(D71*100)/B71 -> 20.29703 | H71: =((B71-B72)/B71)*100 -> -0.4950495 | I71: =((B71-C71)/B71)*100 -> 0 | J71: =((C71-B72)/C71)*100 -> -0.4950495 | K71: =100-(((C3-C72)/C3)*100) -> 25.311721 | L71: 1.0990099 | M71: Normal | N71: 0 | O71: =N71/C71 -> 0 | P71: =(Boosters_IOS!B71*100)/Boosters_IOS!N71 -> 1.1002614 | Q71: =Boosters_IOS!B71/(C71+D71) -> 0.028806584 | R71: =Boosters_IOS!N71/B71 -> 3.1495667 | S71: 5.2772277 | T71: 0.37128713 | U71: 766.38614 | V71: 225345
A72: 70 | B72: 203 | C72: 203 | D72: 16 | E72: 8 | F72: =(C72*100)/B72 -> 100 | G72: =(D72*100)/B72 -> 7.8817734 | H72: =((B72-B73)/B72)*100 -> -2.955665 | I72: =((B72-C72)/B72)*100 -> 0 | J72: =((C72-B73)/C72)*100 -> -2.955665 | K72: =100-(((C3-C73)/C3)*100) -> 25.935162 | L72: 1.0541872 | M72: Normal | N72: 0 | O72: =N72/C72 -> 0 | P72: =(Boosters_IOS!B72*100)/Boosters_IOS!N72 -> 0.41093484 | Q72: =Boosters_IOS!B72/(C72+D72) -> 0.0091324201 | R72: =Boosters_IOS!N72/B72 -> 2.3975131 | S72: 5.4187192 | T72: 0.28078818 | U72: 815.8867 | V72: 235580
A73: 71 | B73: 209 | C73: 208 | D73: 20 | E73: 22 | F73: =(C73*100)/B73 -> 99.521531 | G73: =(D73*100)/B73 -> 9.569378 | H73: =((B73-B74)/B73)*100 -> -0.4784689 | I73: =((B73-C73)/B73)*100 -> 0.4784689 | J73: =((C73-B74)/C73)*100 -> -0.96153846 | K73: =100-(((C3-C74)/C3)*100) -> 26.05985 | L73: 1.0673077 | M73: Normal | N73: 0 | O73: =N73/C73 -> 0 | P73: =(Boosters_IOS!B73*100)/Boosters_IOS!N73 -> 3.1257591 | Q73: =Boosters_IOS!B73/(C73+D73) -> 0.074561404 | R73: =Boosters_IOS!N73/B73 -> 2.6022387 | S73: 6.9567308 | T73: 0.29326923 | U73: 850.21635 | V73: 235840
A74: 72 | B74: 210 | C74: 209 | D74: 2 | E74: 2 | F74: =(C74*100)/B74 -> 99.52381 | G74: =(D74*100)/B74 -> 0.95238095 | H74: =((B74-B75)/B74)*100 -> -0.95238095 | I74: =((B74-C74)/B74)*100 -> 0.47619048 | J74: =((C74-B75)/C74)*100 -> -1.4354067 | K74: =100-(((C3-C75)/C3)*100) -> 25.810474 | L74: 1.0191388 | M74: Normal | N74: 0 | O74: =N74/C74 -> 0 | P74: =(Boosters_IOS!B74*100)/Boosters_IOS!N74 -> 5.1981954 | Q74: =Boosters_IOS!B74/(C74+D74) -> 0.12322275 | R74: =Boosters_IOS!N74/B74 -> 2.3817789 | S74: 7.7894737 | T74: 0.29186603 | U74: 924.2823 | V74: 247780
A75: 73 | B75: 212 | C75: 207 | D75: 87 | E75: 45 | F75: =(C75*100)/B75 -> 97.641509 | G75: =(D75*100)/B75 -> 41.037736 | H75: =((B75-B76)/B75)*100 -> 1.8867925 | I75: =((B75-C75)/B75)*100 -> 2.3584906 | J75: =((C75-B76)/C75)*100 -> -0.48309179 | K75: =100-(((C3-C76)/C3)*100) -> 25.935162 | L75: 1.1545894 | M75: Normal | N75: 11.99 | O75: =N75/C75 -> 0.057922705 | P75: =(Boosters_IOS!B75*100)/Boosters_IOS!N75 -> 4.4467729 | Q75: =Boosters_IOS!B75/(C75+D75) -> 0.13324346 | R75: =Boosters_IOS!N75/B75 -> 4.1553961 | S75: 4.1400966 | T75: 0.37198068 | U75: 868.57488 | V75: 223080
A76: 74 | B76: 208 | C76: 208 | D76: 12 | E76: 9 | F76: =(C76*100)/B76 -> 100 | G76: =(D76*100)/B76 -> 5.7692308 | H76: =((B76-B77)/B76)*100 -> -27.403846 | I76: =((B76-C76)/B76)*100 -> 0 | J76: =((C76-B77)/C76)*100 -> -27.403846 | K76: =100-(((C3-C77)/C3)*100) -> 22.942643 | L76: 1.0528846 | M76: Normal | N76: 6.26 | O76: =N76/C76 -> 0.030096154 | P76: =(Boosters_IOS!B76*100)/Boosters_IOS!N76 -> 0.52284787 | Q76: =Boosters_IOS!B76/(C76+D76) -> 0.013636364 | R76: =Boosters_IOS!N76/B76 -> 2.7585609 | S76: 3.6394231 | T76: 0.28846154 | U76: 923.72596 | V76: 229725
A77: 75 | B77: 265 | C77: 184 | D77: 259 | E77: 183 | F77: =(C77*100)/B77 -> 69.433962 | G77: =(D77*100)/B77 -> 97.735849 | H77: =((B77-B78)/B77)*100 -> 30.566038 | I77: =((B77-C77)/B77)*100 -> 30.566038 | J77: =((C77-B78)/C77)*100 -> 0 | K77: =100-(((C3-C78)/C3)*100) -> 22.942643 | L77: 2.6521739 | M77: Normal | N77: 65.92 | O77: =N77/C77 -> 0.35826087 | P77: =(Boosters_IOS!B77*100)/Boosters_IOS!N77 -> 16.675728 | Q77: =Boosters_IOS!B77/(C77+D77) -> 1.0892839 | R77: =Boosters_IOS!N77/B77 -> 10.919786 | S77: 7.7228261 | T77: 1.0217391 | U77: 514.56522 | V77: 204165
A78: 76 | B78: 184 | C78: 184 | D78: 0 | E78: 0 | F78: =(C78*100)/B78 -> 100 | G78: =(D78*100)/B78 -> 0 | H78: =((B78-B79)/B78)*100 -> 4.8913043 | I78: =((B78-C78)/B78)*100 -> 0 | J78: =((C78-B79)/C78)*100 -> 4.8913043 | K78: =100-(((C3-C79)/C3)*100) -> 21.695761 | L78: 1.0163043 | M78: Normal | N78: 0 | O78: =N78/C78 -> 0 | P78: =(Boosters_IOS!B78*100)/Boosters_IOS!N78 -> 0 | Q78: =Boosters_IOS!B78/(C78+D78) -> 0 | R78: =Boosters_IOS!N78/B78 -> 2.2663043 | S78: 8.0326087 | T78: 0.27717391 | U78: 583.66848 | V78: 217130
A79: 77 | B79: 175 | C79: 174 | D79: 7 | E79: 4 | F79: =(C79*100)/B79 -> 99.428571 | G79: =(D79*100)/B79 -> 4 | H79: =((B79-B80)/B79)*100 -> -1.7142857 | I79: =((B79-C79)/B79)*100 -> 0.57142857 | J79: =((C79-B80)/C79)*100 -> -2.2988506 | K79: =100-(((C3-C80)/C3)*100) -> 22.194514 | L79: 1.0344828 | M79: Normal | N79: 0 | O79: =N79/C79 -> 0 | P79: =(Boosters_IOS!B79*100)/Boosters_IOS!N79 -> 0.26303774 | Q79: =Boosters_IOS!B79/(C79+D79) -> 0.0055248619 | R79: =Boosters_IOS!N79/B79 -> 2.1724204 | S79: 5.0689655 | T79: 0.29885057 | U79: 656.23563 | V79: 226400
A80: 78 | B80: 178 | C80: 178 | D80: 5 | E80: 4 | F80: =(C80*100)/B80 -> 100 | G80: =(D80*100)/B80 -> 2.8089888 | H80: =((B80-B81)/B80)*100 -> -1.6853933 | I80: =((B80-C80)/B80)*100 -> 0 | J80: =((C80-B81)/C80)*100 -> -1.6853933 | K80: =100-(((C3-C81)/C3)*100) -> 22.069825 | L80: 1.0337079 | M80: Normal | N80: 0 | O80: =N80/C80 -> 0 | P80: =(Boosters_IOS!B80*100)/Boosters_IOS!N80 -> 0 | Q80: =Boosters_IOS!B80/(C80+D80) -> 0 | R80: =Boosters_IOS!N80/B80 -> 2.2845617 | S80: 3.3707865 | T80: 0.25280899 | U80: 715.44944 | V80: 240625
A81: 79 | B81: 181 | C81: 177 | D81: 60 | E81: 39 | F81: =(C81*100)/B81 -> 97.790055 | G81: =(D81*100)/B81 -> 33.149171 | H81: =((B81-B82)/B81)*100 -> -23.20442 | I81: =((B81-C81)/B81)*100 -> 2.2099448 | J81: =((C81-B82)/C81)*100 -> -25.988701 | K81: =100-(((C3-C82)/C3)*100) -> 21.321696 | L81: 1.2316384 | M81: Normal | N81: 11 | O81: =N81/C81 -> 0.062146893 | P81: =(Boosters_IOS!B81*100)/Boosters_IOS!N81 -> 1.6109833 | Q81: =Boosters_IOS!B81/(C81+D81) -> 0.051733312 | R81: =Boosters_IOS!N81/B81 -> 4.2048355 | S81: 3.6610169 | T81: 0.32768362 | U81: 745.02825 | V81: 228950
A82: 80 | B82: 223 | C82: 171 | D82: 193 | E82: 151 | F82: =(C82*100)/B82 -> 76.681614 | G82: =(D82*100)/B82 -> 86.547085 | H82: =((B82-B83)/B82)*100 -> 19.730942 | I82: =((B82-C82)/B82)*100 -> 23.318386 | J82: =((C82-B83)/C82)*100 -> -4.6783626 | K82: =100-(((C3-C83)/C3)*100) -> 20.573566 | L82: 2.8362573 | M82: Normal | N82: 28.77 | O82: =N82/C82 -> 0.16824561 | P82: =(Boosters_IOS!B82*100)/Boosters_IOS!N82 -> 11.4716 | Q82: =Boosters_IOS!B82/(C82+D82) -> 0.53570722 | R82: =Boosters_IOS!N82/B82 -> 7.6225453 | S82: 6.3684211 | T82: 0.65497076 | U82: 698.04094 | V82: 171650
A83: 81 | B83: 179 | C83: 165 | D83: 93 | E83: 61 | F83: =(C83*100)/B83 -> 92.178771 | G83: =(D83*100)/B83 -> 51.955307 | H83: =((B83-B84)/B83)*100 -> 7.8212291 | I83: =((B83-C83)/B83)*100 -> 7.8212291 | J83: =((C83-B84)/C83)*100 -> 0 | K83: =100-(((C3-C84)/C3)*100) -> 20.199501 | L83: 1.3090909 | M83: Normal | N83: 0 | O83: =N83/C83 -> 0 | P83: =(Boosters_IOS!B83*100)/Boosters_IOS!N83 -> 6.5891638 | Q83: =Boosters_IOS!B83/(C83+D83) -> 0.18132707 | R83: =Boosters_IOS!N83/B83 -> 3.966423 | S83: 3.7575758 | T83: 0.41818182 | U83: 682.0303 | V83: 158030
A84: 82 | B84: 165 | C84: 162 | D84: 38 | E84: 29 | F84: =(C84*100)/B84 -> 98.181818 | G84: =(D84*100)/B84 -> 23.030303 | H84: =((B84-B85)/B84)*100 -> -0.60606061 | I84: =((B84-C84)/B84)*100 -> 1.8181818 | J84: =((C84-B85)/C84)*100 -> -2.4691358 | K84: =100-(((C3-C85)/C3)*100) -> 20.573566 | L84: 1.1604938 | M84: Normal | N84: 2.3 | O84: =N84/C84 -> 0.014197531 | P84: =(Boosters_IOS!B84*100)/Boosters_IOS!N84 -> 4.5760024 | Q84: =Boosters_IOS!B84/(C84+D84) -> 0.11086789 | R84: =Boosters_IOS!N84/B84 -> 2.9367406 | S84: 4.0061728 | T84: 0.35802469 | U84: 668.30247 | V84: 154595
A85: 83 | B85: 166 | C85: 165 | D85: 0 | E85: 0 | F85: =(C85*100)/B85 -> 99.39759 | G85: =(D85*100)/B85 -> 0 | H85: =((B85-B86)/B85)*100 -> -2.4096386 | I85: =((B85-C85)/B85)*100 -> 0.60240964 | J85: =((C85-B86)/C85)*100 -> -3.030303 | K85: =100-(((C3-C86)/C3)*100) -> 20.947631 | L85: 1.030303 | M85: Normal | N85: 6.49 | O85: =N85/C85 -> 0.039333333 | P85: =(Boosters_IOS!B85*100)/Boosters_IOS!N85 -> 0.24509804 | Q85: =Boosters_IOS!B85/(C85+D85) -> 0.0060606061 | R85: =Boosters_IOS!N85/B85 -> 2.4578313 | S85: 4.0363636 | T85: 0.32727273 | U85: 770.30303 | V85: 163165
A86: 84 | B86: 170 | C86: 168 | D86: 93 | E86: 52 | F86: =(C86*100)/B86 -> 98.823529 | G86: =(D86*100)/B86 -> 54.705882 | H86: =((B86-B87)/B86)*100 -> -6.4705882 | I86: =((B86-C86)/B86)*100 -> 1.1764706 | J86: =((C86-B87)/C86)*100 -> -7.7380952 | K86: =100-(((C3-C87)/C3)*100) -> 21.197007 | L86: 1.2916667 | M86: Normal | N86: 0 | O86: =N86/C86 -> 0 | P86: =(Boosters_IOS!B86*100)/Boosters_IOS!N86 -> 10.020184 | Q86: =Boosters_IOS!B86/(C86+D86) -> 0.24770548 | R86: =Boosters_IOS!N86/B86 -> 3.7953473 | S86: 6.5238095 | T86: 0.49404762 | U86: 716.60714 | V86: 155200
A87: 85 | B87: 181 | C87: 170 | D87: 136 | E87: 86 | F87: =(C87*100)/B87 -> 93.922652 | G87: =(D87*100)/B87 -> 75.138122 | H87: =((B87-B88)/B87)*100 -> 7.1823204 | I87: =((B87-C87)/B87)*100 -> 6.0773481 | J87: =((C87-B88)/C87)*100 -> 1.1764706 | K87: =100-(((C3-C88)/C3)*100) -> 20.947631 | L87: 1.6294118 | M87: Normal | N87: 6.99 | O87: =N87/C87 -> 0.041117647 | P87: =(Boosters_IOS!B87*100)/Boosters_IOS!N87 -> 7.6662669 | Q87: =Boosters_IOS!B87/(C87+D87) -> 0.2756443 | R87: =Boosters_IOS!N87/B87 -> 6.0786611 | S87: 4.0941176 | T87: 0.58235294 | U87: 548.44118 | V87: 151590
A88: 86 | B88: 168 | C88: 168 | D88: 8 | E88: 5 | F88: =(C88*100)/B88 -> 100 | G88: =(D88*100)/B88 -> 4.7619048 | H88: =((B88-B89)/B88)*100 -> -5.3571429 | I88: =((B88-C88)/B88)*100 -> 0 | J88: =((C88-B89)/C88)*100 -> -5.3571429 | K88: =100-(((C3-C89)/C3)*100) -> 19.326683 | L88: 1.0654762 | M88: Normal | N88: 2.99 | O88: =N88/C88 -> 0.017797619 | P88: =(Boosters_IOS!B88*100)/Boosters_IOS!N88 -> 1.6159267 | Q88: =Boosters_IOS!B88/(C88+D88) -> 0.034090909 | R88: =Boosters_IOS!N88/B88 -> 2.2101427 | S88: 3.6607143 | T88: 0.35119048 | U88: 616.90476 | V88: 158210
A89: 87 | B89: 177 | C89: 155 | D89: 133 | E89: 93 | F89: =(C89*100)/B89 -> 87.570621 | G89: =(D89*100)/B89 -> 75.141243 | H89: =((B89-B90)/B89)*100 -> 12.429379 | I89: =((B89-C89)/B89)*100 -> 12.429379 | J89: =((C89-B90)/C89)*100 -> 0 | K89: =100-(((C3-C90)/C3)*100) -> 19.326683 | L89: 1.9870968 | M89: Very Hard | N89: 31.76 | O89: =N89/C89 -> 0.20490323 | P89: =(Boosters_IOS!B89*100)/Boosters_IOS!N89 -> 13.875626 | Q89: =Boosters_IOS!B89/(C89+D89) -> 0.44066343 | R89: =Boosters_IOS!N89/B89 -> 5.1674188 | S89: 7.2064516 | T89: 0.65806452 | U89: 627.51613 | V89: 138760
A90: 88 | B90: 155 | C90: 155 | D90: 23 | E90: 15 | F90: =(C90*100)/B90 -> 100 | G90: =(D90*100)/B90 -> 14.83871 | H90: =((B90-B91)/B90)*100 -> -0.64516129 | I90: =((B90-C90)/B90)*100 -> 0 | J90: =((C90-B91)/C90)*100 -> -0.64516129 | K90: =100-(((C3-C91)/C3)*100) -> 19.451372 | L90: 1.0774194 | M90: Normal | N90: 0 | O90: =N90/C90 -> 0 | P90: =(Boosters_IOS!B90*100)/Boosters_IOS!N90 -> 0 | Q90: =Boosters_IOS!B90/(C90+D90) -> 0 | R90: =Boosters_IOS!N90/B90 -> 2.560438 | S90: 5.1935484 | T90: 0.35483871 | U90: 695.16129 | V90: 151225
A91: 89 | B91: 156 | C91: 156 | D91: 8 | E91: 6 | F91: =(C91*100)/B91 -> 100 | G91: =(D91*100)/B91 -> 5.1282051 | H91: =((B91-B92)/B91)*100 -> -6.4102564 | I91: =((B91-C91)/B91)*100 -> 0 | J91: =((C91-B92)/C91)*100 -> -6.4102564 | K91: =100-(((C3-C92)/C3)*100) -> 19.077307 | L91: 1.0448718 | M91: Normal | N91: 0 | O91: =N91/C91 -> 0 | P91: =(Boosters_IOS!B91*100)/Boosters_IOS!N91 -> 0 | Q91: =Boosters_IOS!B91/(C91+D91) -> 0 | R91: =Boosters_IOS!N91/B91 -> 2.6240202 | S91: 3.1538462 | T91: 0.33333333 | U91: 752.08333 | V91: 154215
A92: 90 | B92: 166 | C92: 153 | D92: 89 | E92: 73 | F92: =(C92*100)/B92 -> 92.168675 | G92: =(D92*100)/B92 -> 53.614458 | H92: =((B92-B93)/B92)*100 -> 7.2289157 | I92: =((B92-C92)/B92)*100 -> 7.8313253 | J92: =((C92-B93)/C92)*100 -> -0.65359477 | K92: =100-(((C3-C93)/C3)*100) -> 18.952618 | L92: 1.4183007 | M92: Normal | N92: 13.47 | O92: =N92/C92 -> 0.088039216 | P92: =(Boosters_IOS!B92*100)/Boosters_IOS!N92 -> 12.25046 | Q92: =Boosters_IOS!B92/(C92+D92) -> 0.43315995 | R92: =Boosters_IOS!N92/B92 -> 5.1546972 | S92: 4.5816993 | T92: 0.52287582 | U92: 742.87582 | V92: 137580
A93: 91 | B93: 154 | C93: 152 | D93: 32 | E93: 28 | F93: =(C93*100)/B93 -> 98.701299 | G93: =(D93*100)/B93 -> 20.779221 | H93: =((B93-B94)/B93)*100 -> 1.9480519 | I93: =((B93-C93)/B93)*100 -> 1.2987013 | J93: =((C93-B94)/C93)*100 -> 0.65789474 | K93: =100-(((C3-C94)/C3)*100) -> 18.329177 | L93: 1.1644737 | M93: Normal | N93: 0 | O93: =N93/C93 -> 0 | P93: =(Boosters_IOS!B93*100)/Boosters_IOS!N93 -> 8.2706709 | Q93: =Boosters_IOS!B93/(C93+D93) -> 0.21809999 | R93: =Boosters_IOS!N93/B93 -> 3.1507359 | S93: 6.0921053 | T93: 0.34210526 | U93: 766.90789 | V93: 134665
A94: 92 | B94: 151 | C94: 147 | D94: 72 | E94: 51 | F94: =(C94*100)/B94 -> 97.350993 | G94: =(D94*100)/B94 -> 47.682119 | H94: =((B94-B95)/B94)*100 -> 0 | I94: =((B94-C94)/B94)*100 -> 2.6490066 | J94: =((C94-B95)/C94)*100 -> -2.7210884 | K94: =100-(((C3-C95)/C3)*100) -> 18.82793 | L94: 1.2721088 | M94: Normal | N94: 0 | O94: =N94/C94 -> 0 | P94: =(Boosters_IOS!B94*100)/Boosters_IOS!N94 -> 7.9242079 | Q94: =Boosters_IOS!B94/(C94+D94) -> 0.21500621 | R94: =Boosters_IOS!N94/B94 -> 3.9351592 | S94: 7.9115646 | T94: 0.41496599 | U94: 736.97279 | V94: 124155
A95: 93 | B95: 151 | C95: 151 | D95: 2 | E95: 2 | F95: =(C95*100)/B95 -> 100 | G95: =(D95*100)/B95 -> 1.3245033 | H95: =((B95-B96)/B95)*100 -> 1.3245033 | I95: =((B95-C95)/B95)*100 -> 0 | J95: =((C95-B96)/C95)*100 -> 1.3245033 | K95: =100-(((C3-C96)/C3)*100) -> 18.578554 | L95: 1.0066225 | M95: Normal | N95: 0 | O95: =N95/C95 -> 0 | P95: =(Boosters_IOS!B95*100)/Boosters_IOS!N95 -> 0 | Q95: =Boosters_IOS!B95/(C95+D95) -> 0 | R95: =Boosters_IOS!N95/B95 -> 2.3544476 | S95: 4.8145695 | T95: 0.2781457 | U95: 789.13907 | V95: 132840
A96: 94 | B96: 149 | C96: 149 | D96: 1 | E96: 2 | F96: =(C96*100)/B96 -> 100 | G96: =(D96*100)/B96 -> 0.67114094 | H96: =((B96-B97)/B96)*100 -> -34.899329 | I96: =((B96-C96)/B96)*100 -> 0 | J96: =((C96-B97)/C96)*100 -> -34.899329 | K96: =100-(((C3-C97)/C3)*100) -> 17.331671 | L96: 1.0201342 | M96: Normal | N96: 0 | O96: =N96/C96 -> 0 | P96: =(Boosters_IOS!B96*100)/Boosters_IOS!N96 -> 0 | Q96: =Boosters_IOS!B96/(C96+D96) -> 0 | R96: =Boosters_IOS!N96/B96 -> 2.4161074 | S96: 3.8255034 | T96: 0.28187919 | U96: 856.74497 | V96: 139375
A97: 95 | B97: 201 | C97: 139 | D97: 187 | E97: 156 | F97: =(C97*100)/B97 -> 69.154229 | G97: =(D97*100)/B97 -> 93.034826 | H97: =((B97-B98)/B97)*100 -> 29.850746 | I97: =((B97-C97)/B97)*100 -> 30.845771 | J97: =((C97-B98)/C97)*100 -> -1.4388489 | K97: =100-(((C3-C98)/C3)*100) -> 17.206983 | L97: 3.1942446 | M97: Normal | N97: 49.79 | O97: =N97/C97 -> 0.35820144 | P97: =(Boosters_IOS!B97*100)/Boosters_IOS!N97 -> 16.541465 | Q97: =Boosters_IOS!B97/(C97+D97) -> 1.2763122 | R97: =Boosters_IOS!N97/B97 -> 12.514241 | S97: 6.647482 | T97: 0.91366906 | U97: 481.04317 | V97: 123105
A98: 96 | B98: 141 | C98: 138 | D98: 33 | E98: 23 | F98: =(C98*100)/B98 -> 97.87234 | G98: =(D98*100)/B98 -> 23.404255 | H98: =((B98-B99)/B98)*100 -> -2.1276596 | I98: =((B98-C98)/B98)*100 -> 2.1276596 | J98: =((C98-B99)/C98)*100 -> -4.3478261 | K98: =100-(((C3-C99)/C3)*100) -> 16.957606 | L98: 1.1304348 | M98: Normal | N98: 0 | O98: =N98/C98 -> 0 | P98: =(Boosters_IOS!B98*100)/Boosters_IOS!N98 -> 7.4176393 | Q98: =Boosters_IOS!B98/(C98+D98) -> 0.17111576 | R98: =Boosters_IOS!N98/B98 -> 2.797701 | S98: 3.6014493 | T98: 0.42028986 | U98: 572.53623 | V98: 120850
A99: 97 | B99: 144 | C99: 136 | D99: 101 | E99: 55 | F99: =(C99*100)/B99 -> 94.444444 | G99: =(D99*100)/B99 -> 70.138889 | H99: =((B99-B100)/B99)*100 -> 6.9444444 | I99: =((B99-C99)/B99)*100 -> 5.5555556 | J99: =((C99-B100)/C99)*100 -> 1.4705882 | K99: =100-(((C3-C100)/C3)*100) -> 16.708229 | L99: 1.4264706 | M99: Normal | N99: 9.98 | O99: =N99/C99 -> 0.073382353 | P99: =(Boosters_IOS!B99*100)/Boosters_IOS!N99 -> 8.6876683 | Q99: =Boosters_IOS!B99/(C99+D99) -> 0.26618717 | R99: =Boosters_IOS!N99/B99 -> 5.0427768 | S99: 4.25 | T99: 0.59558824 | U99: 572.68382 | V99: 102135
A100: 98 | B100: 134 | C100: 134 | D100: 7 | E100: 4 | F100: =(C100*100)/B100 -> 100 | G100: =(D100*100)/B100 -> 5.2238806 | H100: =((B100-B101)/B100)*100 -> -1.4925373 | I100: =((B100-C100)/B100)*100 -> 0 | J100: =((C100-B101)/C100)*100 -> -1.4925373 | K100: =100-(((C3-C101)/C3)*100) -> 16.957606 | L100: 1.0298507 | M100: Normal | N100: 8.12 | O100: =N100/C100 -> 0.060597015 | P100: =(Boosters_IOS!B100*100)/Boosters_IOS!N100 -> 0.62271623 | Q100: =Boosters_IOS!B100/(C100+D100) -> 0.014184397 | R100: =Boosters_IOS!N100/B100 -> 2.3968177 | S100: 4.5597015 | T100: 0.30597015 | U100: 650.74627 | V100: 108720
...

Sheet Boosters_IOS
A1: Segment | C1: Complete | D1: Complete | E1: Complete | F1: Fail | G1: Fail | H1: Fail | J1: Complete | K1: Column 1 | L1: Column 2 | M1: Column 3 | O1: Complete | P1: Complete | Q1: Complete | R1: Fail | S1: Fail | T1: Fail | V1: Complete | W1: Column 1 | X1: Column 2
A2: Level | B2: Total USED Booster | C2: Booster A used | D2: Booster B used | E2: Booster C used | F2: Booster A used | G2: Booster B used | H2: Booster C used | I2: %_used_booster | J2: %_A_used | K2: %_B_used | L2: %_C_used | M2: Total not USED Booster | N2: Total OWNED Booster | O2: Booster A owned | P2: Booster B owned | Q2: Booster C owned | R2: Booster A owned | S2: Booster B owned | T2: Booster C owned | U2: Total Rewarded | V2: %_A_owned | W2: %_B_owned | X2: %_C_owned
A3: 1 | B3: =C3+D3+E3+F3+G3+H3 -> 0 | C3: 0 | D3: 0 | E3: 0 | F3: 0 | G3: 0 | H3: 0 | I3: =(100*B3)/N3 -> #DIV/0! | J3: =((C3+F3)*100)/B3 -> #DIV/0! | K3: =((D3+G3)*100)/B3 -> #DIV/0! | L3: =((E3+H3)*100)/B3 -> #DIV/0! | N3: =O3+P3+Q3+R3+S3+T3 -> 0 | O3: 0 | P3: 0 | Q3: 0 | R3: 0 | S3: 0 | T3: 0 | U3: 0 | V3: =((O3+R3)*100)/N3 -> #DIV/0! | W3: =((P3+S3)*100)/N3 -> #DIV/0! | X3: =((Q3+T3)*100)/N3 -> #DIV/0!
A4: 2 | B4: =C4+D4+E4+F4+G4+H4 -> 0 | C4: 0 | D4: 0 | E4: 0 | F4: 0 | G4: 0 | H4: 0 | I4: =(100*B4)/N4 -> #DIV/0! | J4: =((C4+F4)*100)/B4 -> #DIV/0! | K4: =((D4+G4)*100)/B4 -> #DIV/0! | L4: =((E4+H4)*100)/B4 -> #DIV/0! | M4: =N4-B3 -> 0 | N4: =O4+P4+Q4+R4+S4+T4 -> 0 | O4: 0 | P4: 0 | Q4: 0 | R4: 0 | S4: 0 | T4: 0 | U4: 0 | V4: =((O4+R4)*100)/N4 -> #DIV/0! | W4: =((P4+S4)*100)/N4 -> #DIV/0! | X4: =((Q4+T4)*100)/N4 -> #DIV/0!
A5: 3 | B5: =C5+D5+E5+F5+G5+H5 -> 0 | C5: 0 | D5: 0 | E5: 0 | F5: 0 | G5: 0 | H5: 0 | I5: =(100*B5)/N5 -> #DIV/0! | J5: =((C5+F5)*100)/B5 -> #DIV/0! | K5: =((D5+G5)*100)/B5 -> #DIV/0! | L5: =((E5+H5)*100)/B5 -> #DIV/0! | M5: =N5-B4 -> 0 | N5: =O5+P5+Q5+R5+S5+T5 -> 0 | O5: 0 | P5: 0 | Q5: 0 | R5: 0 | S5: 0 | T5: 0 | U5: 0 | V5: =((O5+R5)*100)/N5 -> #DIV/0! | W5: =((P5+S5)*100)/N5 -> #DIV/0! | X5: =((Q5+T5)*100)/N5 -> #DIV/0!
A6: 4 | B6: =C6+D6+E6+F6+G6+H6 -> 0 | C6: 0 | D6: 0 | E6: 0 | F6: 0 | G6: 0 | H6: 0 | I6: =(100*B6)/N6 -> #DIV/0! | J6: =((C6+F6)*100)/B6 -> #DIV/0! | K6: =((D6+G6)*100)/B6 -> #DIV/0! | L6: =((E6+H6)*100)/B6 -> #DIV/0! | M6: =N6-B5 -> 0 | N6: =O6+P6+Q6+R6+S6+T6 -> 0 | O6: 0 | P6: 0 | Q6: 0 | R6: 0 | S6: 0 | T6: 0 | U6: 0 | V6: =((O6+R6)*100)/N6 -> #DIV/0! | W6: =((P6+S6)*100)/N6 -> #DIV/0! | X6: =((Q6+T6)*100)/N6 -> #DIV/0!
A7: 5 | B7: =C7+D7+E7+F7+G7+H7 -> 0 | C7: 0 | D7: 0 | E7: 0 | F7: 0 | G7: 0 | H7: 0 | I7: =(100*B7)/N7 -> #DIV/0! | J7: =((C7+F7)*100)/B7 -> #DIV/0! | K7: =((D7+G7)*100)/B7 -> #DIV/0! | L7: =((E7+H7)*100)/B7 -> #DIV/0! | M7: =N7-B6 -> 0 | N7: =O7+P7+Q7+R7+S7+T7 -> 0 | O7: 0 | P7: 0 | Q7: 0 | R7: 0 | S7: 0 | T7: 0 | U7: 1 | V7: =((O7+R7)*100)/N7 -> #DIV/0! | W7: =((P7+S7)*100)/N7 -> #DIV/0! | X7: =((Q7+T7)*100)/N7 -> #DIV/0!
A8: 6 | B8: =C8+D8+E8+F8+G8+H8 -> 0 | C8: 0 | D8: 0 | E8: 0 | F8: 0 | G8: 0 | H8: 0 | I8: =(100*B8)/N8 -> #DIV/0! | J8: =((C8+F8)*100)/B8 -> #DIV/0! | K8: =((D8+G8)*100)/B8 -> #DIV/0! | L8: =((E8+H8)*100)/B8 -> #DIV/0! | M8: =N8-B7 -> 0 | N8: =O8+P8+Q8+R8+S8+T8 -> 0 | O8: 0 | P8: 0 | Q8: 0 | R8: 0 | S8: 0 | T8: 0 | U8: 0 | V8: =((O8+R8)*100)/N8 -> #DIV/0! | W8: =((P8+S8)*100)/N8 -> #DIV/0! | X8: =((Q8+T8)*100)/N8 -> #DIV/0!
A9: 7 | B9: =C9+D9+E9+F9+G9+H9 -> 0 | C9: 0 | D9: 0 | E9: 0 | F9: 0 | G9: 0 | H9: 0 | I9: =(100*B9)/N9 -> #DIV/0! | J9: =((C9+F9)*100)/B9 -> #DIV/0! | K9: =((D9+G9)*100)/B9 -> #DIV/0! | L9: =((E9+H9)*100)/B9 -> #DIV/0! | M9: =N9-B8 -> 0 | N9: =O9+P9+Q9+R9+S9+T9 -> 0 | O9: 0 | P9: 0 | Q9: 0 | R9: 0 | S9: 0 | T9: 0 | U9: 0 | V9: =((O9+R9)*100)/N9 -> #DIV/0! | W9: =((P9+S9)*100)/N9 -> #DIV/0! | X9: =((Q9+T9)*100)/N9 -> #DIV/0!
A10: 8 | B10: =C10+D10+E10+F10+G10+H10 -> 717 | C10: 717 | D10: 0 | E10: 0 | F10: 0 | G10: 0 | H10: 0 | I10: =(100*B10)/N10 -> 98.825453 | J10: =((C10+F10)*100)/B10 -> 100 | K10: =((D10+G10)*100)/B10 -> 0 | L10: =((E10+H10)*100)/B10 -> 0 | M10: =N10-B9 -> 725.52159 | N10: =O10+P10+Q10+R10+S10+T10 -> 725.52159 | O10: 721 | P10: 0 | Q10: 0 | R10: 4.5215901 | S10: 0 | T10: 0 | U10: 1 | V10: =((O10+R10)*100)/N10 -> 100 | W10: =((P10+S10)*100)/N10 -> 0 | X10: =((Q10+T10)*100)/N10 -> 0
A11: 9 | B11: =C11+D11+E11+F11+G11+H11 -> 19 | C11: 19 | D11: 0 | E11: 0 | F11: 0 | G11: 0 | H11: 0 | I11: =(100*B11)/N11 -> 2.5821367 | J11: =((C11+F11)*100)/B11 -> 100 | K11: =((D11+G11)*100)/B11 -> 0 | L11: =((E11+H11)*100)/B11 -> 0 | M11: =N11-B10 -> 18.824708 | N11: =O11+P11+Q11+R11+S11+T11 -> 735.82471 | O11: 694 | P11: 0 | Q11: 0 | R11: 41.824708 | S11: 0 | T11: 0 | U11: 3 | V11: =((O11+R11)*100)/N11 -> 100 | W11: =((P11+S11)*100)/N11 -> 0 | X11: =((Q11+T11)*100)/N11 -> 0
A12: 10 | B12: =C12+D12+E12+F12+G12+H12 -> 13 | C12: 13 | D12: 0 | E12: 0 | F12: 0 | G12: 0 | H12: 0 | I12: =(100*B12)/N12 -> 1.8924066 | J12: =((C12+F12)*100)/B12 -> 100 | K12: =((D12+G12)*100)/B12 -> 0 | L12: =((E12+H12)*100)/B12 -> 0 | M12: =N12-B11 -> 667.95596 | N12: =O12+P12+Q12+R12+S12+T12 -> 686.95596 | O12: 670 | P12: 0 | Q12: 0 | R12: 16.955963 | S12: 0 | T12: 0 | U12: 5 | V12: =((O12+R12)*100)/N12 -> 100 | W12: =((P12+S12)*100)/N12 -> 0 | X12: =((Q12+T12)*100)/N12 -> 0
A13: 11 | B13: =C13+D13+E13+F13+G13+H13 -> 47 | C13: 47 | D13: 0 | E13: 0 | F13: 0 | G13: 0 | H13: 0 | I13: =(100*B13)/N13 -> 5.2573312 | J13: =((C13+F13)*100)/B13 -> 100 | K13: =((D13+G13)*100)/B13 -> 0 | L13: =((E13+H13)*100)/B13 -> 0 | M13: =N13-B12 -> 880.98972 | N13: =O13+P13+Q13+R13+S13+T13 -> 893.98972 | O13: 582 | P13: 0 | Q13: 0 | R13: 311.98972 | S13: 0 | T13: 0 | U13: 89 | V13: =((O13+R13)*100)/N13 -> 100 | W13: =((P13+S13)*100)/N13 -> 0 | X13: =((Q13+T13)*100)/N13 -> 0
A14: 12 | B14: =C14+D14+E14+F14+G14+H14 -> 654 | C14: 8 | D14: 646 | E14: 0 | F14: 0 | G14: 0 | H14: 0 | I14: =(100*B14)/N14 -> 55.487116 | J14: =((C14+F14)*100)/B14 -> 1.2232416 | K14: =((D14+G14)*100)/B14 -> 98.776758 | L14: =((E14+H14)*100)/B14 -> 0 | M14: =N14-B13 -> 1131.652 | N14: =O14+P14+Q14+R14+S14+T14 -> 1178.652 | O14: 557 | P14: 616 | Q14: 0 | R14: 2.260795 | S14: 3.3911926 | T14: 0 | U14: 77 | V14: =((O14+R14)*100)/N14 -> 47.449188 | W14: =((P14+S14)*100)/N14 -> 52.550812 | X14: =((Q14+T14)*100)/N14 -> 0
A15: 13 | B15: =C15+D15+E15+F15+G15+H15 -> 5 | C15: 2 | D15: 3 | E15: 0 | F15: 0 | G15: 0 | H15: 0 | I15: =(100*B15)/N15 -> 0.43975374 | J15: =((C15+F15)*100)/B15 -> 40 | K15: =((D15+G15)*100)/B15 -> 60 | L15: =((E15+H15)*100)/B15 -> 0 | M15: =N15-B14 -> 483 | N15: =O15+P15+Q15+R15+S15+T15 -> 1137 | O15: 540 | P15: 597 | Q15: 0 | R15: 0 | S15: 0 | T15: 0 | U15: 70 | V15: =((O15+R15)*100)/N15 -> 47.493404 | W15: =((P15+S15)*100)/N15 -> 52.506596 | X15: =((Q15+T15)*100)/N15 -> 0
... A402: 400 | B402: =C402+D402+E402+F402+G402+H402 -> 4.1303975 | C402: 2 | D402: 0 | E402: 1 | F402: 1.1303975 | G402: 0 | H402: 0 | I402: =(100*B402)/N402 -> 25.537934 | J402: =((C402+F402)*100)/B402 -> 75.789255 | K402: =((D402+G402)*100)/B402 -> 0 | L402: =((E402+H402)*100)/B402 -> 24.210745 | M402: =N402-B401 -> 4.260795 | N402: =O402+P402+Q402+R402+S402+T402 -> 16.173578 | O402: 6 | P402: 0 | Q402: 0 | R402: 10.173578 | S402: 0 | T402: 0 | U402: 10 | V402: =((O402+R402)*100)/N402 -> 100 | W402: =((P402+S402)*100)/N402 -> 0 | X402: =((Q402+T402)*100)/N402 -> 0
A403: 401
A404: 402
A405: 403
A406: 404
A407: 405
A408: 406
A409: 407
A410: 408
A411: 409
A412: 410
A413: 411
A414: 412
... A1215: 1213
